YearAD,CH4spl,GrwthRt,NOAA04,YearAD,CO2spl,GrwthRt,YearAD,N2Ospl,GrwthRt
1,647.6,-0.5,655.5,1,276.7,0.1,1,264.2,-0.1
2,647.1,-0.5,655,2,276.8,0.1,2,264.1,-0.1
3,646.5,-0.5,654.4,3,276.8,0.1,3,264.1,-0.1
4,646,-0.5,653.9,4,276.9,0.1,4,264,-0.1
5,645.5,-0.5,653.4,5,276.9,0.1,5,264,-0.1
6,645,-0.5,652.9,6,277,0.1,6,263.9,-0.1
7,644.5,-0.5,652.3,7,277.1,0.1,7,263.8,-0.1
8,644,-0.5,651.8,8,277.1,0.1,8,263.8,-0.1
9,643.4,-0.5,651.3,9,277.2,0.1,9,263.7,-0.1
10,642.9,-0.5,650.8,10,277.2,0.1,10,263.7,-0.1
11,642.4,-0.5,650.3,11,277.3,0.1,11,263.6,-0.1
12,641.9,-0.5,649.8,12,277.3,0.1,12,263.6,-0.1
13,641.4,-0.5,649.3,13,277.4,0.1,13,263.5,0
14,641,-0.5,648.8,14,277.4,0,14,263.5,0
15,640.5,-0.5,648.3,15,277.5,0,15,263.4,0
16,640,-0.5,647.8,16,277.5,0,16,263.4,0
17,639.5,-0.5,647.3,17,277.6,0,17,263.4,0
18,639,-0.5,646.8,18,277.6,0,18,263.3,0
19,638.6,-0.5,646.4,19,277.6,0,19,263.3,0
20,638.1,-0.4,645.9,20,277.7,0,20,263.2,0
21,637.7,-0.4,645.5,21,277.7,0,21,263.2,0
22,637.2,-0.4,645,22,277.7,0,22,263.2,0
23,636.8,-0.4,644.6,23,277.8,0,23,263.2,0
24,636.4,-0.4,644.2,24,277.8,0,24,263.1,0
25,636,-0.4,643.7,25,277.8,0,25,263.1,0
26,635.6,-0.4,643.3,26,277.9,0,26,263.1,0
27,635.2,-0.4,642.9,27,277.9,0,27,263.1,0
28,634.8,-0.4,642.6,28,277.9,0,28,263.1,0
29,634.4,-0.4,642.2,29,277.9,0,29,263.1,0
30,634.1,-0.4,641.8,30,277.9,0,30,263.1,0
31,633.7,-0.3,641.5,31,277.9,0,31,263.1,0
32,633.4,-0.3,641.1,32,277.9,0,32,263.1,0
33,633.1,-0.3,640.8,33,277.9,0,33,263.1,0
34,632.8,-0.3,640.5,34,277.9,0,34,263.2,0
35,632.5,-0.3,640.2,35,277.9,0,35,263.2,0
36,632.2,-0.3,639.9,36,277.9,0,36,263.2,0
37,631.9,-0.3,639.6,37,277.9,0,37,263.2,0
38,631.6,-0.3,639.3,38,277.8,0,38,263.3,0
39,631.4,-0.3,639.1,39,277.8,0,39,263.3,0
40,631.1,-0.2,638.8,40,277.8,0,40,263.3,0
41,630.9,-0.2,638.6,41,277.8,0,41,263.4,0
42,630.7,-0.2,638.4,42,277.8,0,42,263.4,0
43,630.5,-0.2,638.1,43,277.7,0,43,263.5,0
44,630.2,-0.2,637.9,44,277.7,0,44,263.5,0
45,630,-0.2,637.7,45,277.7,0,45,263.6,0.1
46,629.9,-0.2,637.5,46,277.7,0,46,263.6,0.1
47,629.7,-0.2,637.4,47,277.6,0,47,263.7,0.1
48,629.5,-0.2,637.2,48,277.6,0,48,263.7,0.1
49,629.4,-0.2,637,49,277.6,0,49,263.8,0.1
50,629.2,-0.1,636.9,50,277.5,0,50,263.8,0.1
51,629.1,-0.1,636.7,51,277.5,0,51,263.9,0.1
52,628.9,-0.1,636.6,52,277.5,0,52,264,0.1
53,628.8,-0.1,636.5,53,277.5,0,53,264,0.1
54,628.7,-0.1,636.4,54,277.4,0,54,264.1,0.1
55,628.6,-0.1,636.3,55,277.4,0,55,264.1,0.1
56,628.5,-0.1,636.2,56,277.4,0,56,264.2,0.1
57,628.4,-0.1,636.1,57,277.4,0,57,264.3,0.1
58,628.3,-0.1,636,58,277.4,0,58,264.3,0.1
59,628.2,-0.1,635.9,59,277.3,0,59,264.4,0.1
60,628.2,-0.1,635.8,60,277.3,0,60,264.4,0.1
61,628.1,-0.1,635.8,61,277.3,0,61,264.5,0.1
62,628.1,-0.1,635.7,62,277.3,0,62,264.5,0.1
63,628,0,635.7,63,277.3,0,63,264.6,0.1
64,628,0,635.6,64,277.3,0,64,264.7,0.1
65,627.9,0,635.6,65,277.3,0,65,264.7,0.1
66,627.9,0,635.6,66,277.3,0,66,264.8,0.1
67,627.9,0,635.6,67,277.3,0,67,264.8,0.1
68,627.9,0,635.5,68,277.3,0,68,264.9,0.1
69,627.9,0,635.5,69,277.3,0,69,264.9,0.1
70,627.9,0,635.5,70,277.3,0,70,265,0.1
71,627.9,0,635.5,71,277.3,0,71,265,0.1
72,627.9,0,635.6,72,277.2,0,72,265.1,0.1
73,627.9,0,635.6,73,277.3,0,73,265.1,0.1
74,628,0,635.6,74,277.3,0,74,265.2,0
75,628,0,635.7,75,277.3,0,75,265.2,0
76,628,0,635.7,76,277.3,0,76,265.3,0
77,628.1,0.1,635.8,77,277.3,0,77,265.3,0
78,628.1,0.1,635.8,78,277.3,0,78,265.4,0
79,628.2,0.1,635.9,79,277.3,0,79,265.4,0
80,628.3,0.1,635.9,80,277.3,0,80,265.5,0
81,628.4,0.1,636,81,277.3,0,81,265.5,0
82,628.4,0.1,636.1,82,277.3,0,82,265.6,0
83,628.5,0.1,636.2,83,277.3,0,83,265.6,0
84,628.6,0.1,636.3,84,277.3,0,84,265.6,0
85,628.7,0.1,636.4,85,277.3,0,85,265.7,0
86,628.8,0.1,636.5,86,277.3,0,86,265.7,0
87,628.9,0.1,636.6,87,277.3,0,87,265.8,0
88,629.1,0.1,636.7,88,277.3,0,88,265.8,0
89,629.2,0.1,636.9,89,277.3,0,89,265.8,0
90,629.3,0.1,637,90,277.4,0,90,265.9,0
91,629.4,0.1,637.1,91,277.4,0,91,265.9,0
92,629.6,0.1,637.3,92,277.4,0,92,265.9,0
93,629.7,0.1,637.4,93,277.4,0,93,266,0
94,629.9,0.2,637.6,94,277.4,0,94,266,0
95,630,0.2,637.7,95,277.4,0,95,266,0
96,630.2,0.2,637.9,96,277.4,0,96,266.1,0
97,630.4,0.2,638.1,97,277.4,0,97,266.1,0
98,630.5,0.2,638.2,98,277.4,0,98,266.1,0
99,630.7,0.2,638.4,99,277.4,0,99,266.2,0
100,630.9,0.2,638.6,100,277.5,0,100,266.2,0
101,631.1,0.2,638.8,101,277.5,0,101,266.2,0
102,631.3,0.2,639,102,277.5,0,102,266.2,0
103,631.5,0.2,639.2,103,277.5,0,103,266.3,0
104,631.7,0.2,639.4,104,277.5,0,104,266.3,0
105,631.9,0.2,639.6,105,277.5,0,105,266.3,0
106,632.1,0.2,639.8,106,277.5,0,106,266.3,0
107,632.3,0.2,640,107,277.5,0,107,266.3,0
108,632.6,0.2,640.3,108,277.5,0,108,266.3,0
109,632.8,0.2,640.5,109,277.5,0,109,266.4,0
110,633,0.2,640.7,110,277.5,0,110,266.4,0
111,633.2,0.2,641,111,277.5,0,111,266.4,0
112,633.5,0.2,641.2,112,277.6,0,112,266.4,0
113,633.7,0.2,641.4,113,277.6,0,113,266.4,0
114,634,0.2,641.7,114,277.6,0,114,266.4,0
115,634.2,0.2,641.9,115,277.6,0,115,266.4,0
116,634.4,0.2,642.2,116,277.6,0,116,266.4,0
117,634.7,0.2,642.4,117,277.6,0,117,266.4,0
118,634.9,0.2,642.7,118,277.6,0,118,266.4,0
119,635.1,0.2,642.9,119,277.6,0,119,266.4,0
120,635.4,0.2,643.1,120,277.6,0,120,266.4,0
121,635.6,0.2,643.4,121,277.7,0,121,266.4,0
122,635.9,0.2,643.6,122,277.7,0,122,266.4,0
123,636.1,0.2,643.8,123,277.7,0,123,266.4,0
124,636.3,0.2,644.1,124,277.7,0,124,266.4,0
125,636.5,0.2,644.3,125,277.7,0,125,266.4,0
126,636.8,0.2,644.5,126,277.8,0,126,266.3,0
127,637,0.2,644.7,127,277.8,0,127,266.3,0
128,637.2,0.2,645,128,277.8,0,128,266.3,0
129,637.4,0.2,645.2,129,277.8,0,129,266.3,0
130,637.6,0.2,645.4,130,277.9,0,130,266.3,0
131,637.8,0.2,645.6,131,277.9,0,131,266.2,0
132,638,0.2,645.8,132,277.9,0,132,266.2,0
133,638.1,0.2,645.9,133,278,0,133,266.2,0
134,638.3,0.2,646.1,134,278,0,134,266.2,0
135,638.5,0.2,646.3,135,278.1,0,135,266.1,0
136,638.6,0.2,646.4,136,278.1,0,136,266.1,0
137,638.8,0.1,646.6,137,278.2,0.1,137,266.1,0
138,638.9,0.1,646.7,138,278.2,0.1,138,266,0
139,639.1,0.1,646.8,139,278.3,0.1,139,266,0
140,639.2,0.1,647,140,278.3,0.1,140,265.9,0
141,639.3,0.1,647.1,141,278.4,0.1,141,265.9,0
142,639.4,0.1,647.2,142,278.4,0.1,142,265.9,0
143,639.5,0.1,647.3,143,278.5,0.1,143,265.8,0
144,639.6,0.1,647.4,144,278.6,0.1,144,265.8,0
145,639.7,0.1,647.5,145,278.6,0.1,145,265.7,0
146,639.7,0.1,647.5,146,278.7,0.1,146,265.7,0
147,639.8,0.1,647.6,147,278.8,0.1,147,265.6,0
148,639.9,0.1,647.7,148,278.8,0.1,148,265.6,0
149,639.9,0.1,647.7,149,278.9,0.1,149,265.6,0
150,640,0.1,647.8,150,279,0.1,150,265.5,0
151,640.1,0.1,647.9,151,279,0.1,151,265.5,0
152,640.1,0.1,647.9,152,279.1,0.1,152,265.4,0
153,640.2,0,648,153,279.2,0.1,153,265.4,0
154,640.2,0,648,154,279.3,0.1,154,265.4,0
155,640.2,0,648.1,155,279.3,0.1,155,265.3,0
156,640.3,0,648.1,156,279.4,0.1,156,265.3,0
157,640.3,0,648.1,157,279.5,0.1,157,265.3,0
158,640.4,0,648.2,158,279.5,0.1,158,265.2,0
159,640.4,0,648.2,159,279.6,0.1,159,265.2,0
160,640.5,0,648.3,160,279.7,0.1,160,265.2,0
161,640.5,0,648.3,161,279.7,0.1,161,265.2,0
162,640.5,0,648.4,162,279.8,0.1,162,265.1,0
163,640.6,0,648.4,163,279.8,0.1,163,265.1,0
164,640.6,0,648.4,164,279.9,0.1,164,265.1,0
165,640.7,0,648.5,165,279.9,0.1,165,265.1,0
166,640.7,0.1,648.5,166,280,0,166,265.1,0
167,640.8,0.1,648.6,167,280,0,167,265.1,0
168,640.8,0.1,648.7,168,280.1,0,168,265.1,0
169,640.9,0.1,648.7,169,280.1,0,169,265.1,0
170,641,0.1,648.8,170,280.2,0,170,265.1,0
171,641,0.1,648.9,171,280.2,0,171,265.1,0
172,641.1,0.1,648.9,172,280.2,0,172,265.2,0
173,641.2,0.1,649,173,280.3,0,173,265.2,0
174,641.3,0.1,649.1,174,280.3,0,174,265.2,0
175,641.4,0.1,649.2,175,280.3,0,175,265.3,0
176,641.4,0.1,649.3,176,280.3,0,176,265.3,0
177,641.5,0.1,649.3,177,280.4,0,177,265.3,0
178,641.6,0.1,649.4,178,280.4,0,178,265.4,0
179,641.7,0.1,649.5,179,280.4,0,179,265.4,0
180,641.7,0.1,649.6,180,280.4,0,180,265.5,0.1
181,641.8,0.1,649.6,181,280.4,0,181,265.5,0.1
182,641.9,0.1,649.7,182,280.4,0,182,265.6,0.1
183,641.9,0.1,649.8,183,280.4,0,183,265.6,0.1
184,642,0.1,649.8,184,280.5,0,184,265.7,0.1
185,642,0,649.9,185,280.5,0,185,265.8,0.1
186,642.1,0,649.9,186,280.5,0,186,265.8,0.1
187,642.1,0,649.9,187,280.5,0,187,265.9,0.1
188,642.1,0,650,188,280.5,0,188,266,0.1
189,642.1,0,650,189,280.5,0,189,266,0.1
190,642.1,0,650,190,280.5,0,190,266.1,0.1
191,642.1,0,650,191,280.5,0,191,266.2,0.1
192,642.1,0,649.9,192,280.5,0,192,266.3,0.1
193,642.1,0,649.9,193,280.5,0,193,266.3,0.1
194,642,-0.1,649.9,194,280.6,0,194,266.4,0.1
195,642,-0.1,649.8,195,280.6,0,195,266.5,0.1
196,641.9,-0.1,649.7,196,280.6,0,196,266.6,0.1
197,641.8,-0.1,649.6,197,280.6,0,197,266.6,0.1
198,641.7,-0.1,649.5,198,280.6,0,198,266.7,0.1
199,641.6,-0.1,649.4,199,280.6,0,199,266.8,0.1
200,641.4,-0.2,649.2,200,280.6,0,200,266.9,0.1
201,641.3,-0.2,649.1,201,280.7,0,201,266.9,0.1
202,641.1,-0.2,648.9,202,280.7,0,202,267,0.1
203,640.9,-0.2,648.7,203,280.7,0,203,267.1,0.1
204,640.6,-0.2,648.5,204,280.7,0,204,267.2,0.1
205,640.4,-0.3,648.2,205,280.8,0,205,267.2,0.1
206,640.1,-0.3,648,206,280.8,0,206,267.3,0.1
207,639.9,-0.3,647.7,207,280.8,0,207,267.4,0.1
208,639.6,-0.3,647.4,208,280.9,0,208,267.4,0.1
209,639.2,-0.3,647,209,280.9,0,209,267.5,0.1
210,638.9,-0.3,646.7,210,281,0,210,267.6,0.1
211,638.6,-0.3,646.4,211,281,0,211,267.6,0.1
212,638.2,-0.4,646,212,281,0,212,267.7,0.1
213,637.9,-0.4,645.7,213,281.1,0,213,267.8,0.1
214,637.5,-0.4,645.3,214,281.1,0,214,267.8,0.1
215,637.1,-0.4,644.9,215,281.1,0,215,267.9,0.1
216,636.8,-0.4,644.5,216,281.2,0,216,267.9,0.1
217,636.4,-0.4,644.1,217,281.2,0,217,268,0
218,636,-0.4,643.7,218,281.3,0,218,268,0
219,635.6,-0.4,643.4,219,281.3,0,219,268.1,0
220,635.2,-0.4,643,220,281.3,0,220,268.1,0
221,634.8,-0.4,642.6,221,281.4,0,221,268.2,0
222,634.4,-0.4,642.2,222,281.4,0,222,268.2,0
223,634.1,-0.4,641.8,223,281.4,0,223,268.2,0
224,633.7,-0.4,641.4,224,281.4,0,224,268.2,0
225,633.3,-0.4,641.1,225,281.5,0,225,268.3,0
226,633,-0.3,640.7,226,281.5,0,226,268.3,0
227,632.6,-0.3,640.4,227,281.5,0,227,268.3,0
228,632.3,-0.3,640,228,281.5,0,228,268.3,0
229,632,-0.3,639.7,229,281.5,0,229,268.3,0
230,631.7,-0.3,639.4,230,281.5,0,230,268.3,0
231,631.4,-0.3,639.1,231,281.5,0,231,268.3,0
232,631.1,-0.3,638.8,232,281.5,0,232,268.3,0
233,630.9,-0.3,638.6,233,281.5,0,233,268.3,0
234,630.6,-0.2,638.3,234,281.5,0,234,268.3,0
235,630.4,-0.2,638.1,235,281.5,0,235,268.2,0
236,630.2,-0.2,637.8,236,281.5,0,236,268.2,0
237,629.9,-0.2,637.6,237,281.4,0,237,268.2,0
238,629.7,-0.2,637.4,238,281.4,0,238,268.1,0
239,629.6,-0.2,637.2,239,281.4,0,239,268.1,0
240,629.4,-0.2,637.1,240,281.4,0,240,268.1,0
241,629.2,-0.2,636.9,241,281.4,0,241,268,0
242,629.1,-0.2,636.7,242,281.3,0,242,268,-0.1
243,628.9,-0.1,636.6,243,281.3,0,243,267.9,-0.1
244,628.8,-0.1,636.4,244,281.3,0,244,267.9,-0.1
245,628.6,-0.1,636.3,245,281.2,0,245,267.8,-0.1
246,628.5,-0.1,636.2,246,281.2,0,246,267.7,-0.1
247,628.4,-0.1,636.1,247,281.2,0,247,267.7,-0.1
248,628.3,-0.1,636,248,281.1,0,248,267.6,-0.1
249,628.2,-0.1,635.8,249,281.1,0,249,267.5,-0.1
250,628.1,-0.1,635.8,250,281,0,250,267.5,-0.1
251,628,-0.1,635.7,251,281,0,251,267.4,-0.1
252,627.9,-0.1,635.6,252,281,0,252,267.3,-0.1
253,627.9,-0.1,635.5,253,280.9,0,253,267.2,-0.1
254,627.8,-0.1,635.4,254,280.9,0,254,267.1,-0.1
255,627.7,-0.1,635.4,255,280.8,0,255,267.1,-0.1
256,627.7,-0.1,635.3,256,280.8,0,256,267,-0.1
257,627.6,-0.1,635.3,257,280.7,0,257,266.9,-0.1
258,627.6,0,635.2,258,280.7,0,258,266.8,-0.1
259,627.5,0,635.2,259,280.7,0,259,266.7,-0.1
260,627.5,0,635.1,260,280.6,0,260,266.6,-0.1
261,627.4,0,635.1,261,280.6,0,261,266.5,-0.1
262,627.4,0,635,262,280.5,0,262,266.4,-0.1
263,627.3,0,635,263,280.5,0,263,266.3,-0.1
264,627.3,0,635,264,280.4,0,264,266.2,-0.1
265,627.3,0,634.9,265,280.4,0,265,266.1,-0.1
266,627.2,0,634.9,266,280.4,0,266,266,-0.1
267,627.2,0,634.9,267,280.3,0,267,265.9,-0.1
268,627.2,0,634.8,268,280.3,0,268,265.8,-0.1
269,627.1,0,634.8,269,280.3,0,269,265.7,-0.1
270,627.1,0,634.8,270,280.2,0,270,265.6,-0.1
271,627.1,0,634.7,271,280.2,0,271,265.5,-0.1
272,627,0,634.7,272,280.2,0,272,265.4,-0.1
273,627,0,634.6,273,280.1,0,273,265.3,-0.1
274,626.9,0,634.6,274,280.1,0,274,265.1,-0.1
275,626.9,0,634.6,275,280.1,0,275,265,-0.1
276,626.9,0,634.5,276,280.1,0,276,264.9,-0.1
277,626.8,-0.1,634.5,277,280,0,277,264.8,-0.1
278,626.8,-0.1,634.4,278,280,0,278,264.7,-0.1
279,626.7,-0.1,634.3,279,280,0,279,264.6,-0.1
280,626.6,-0.1,634.3,280,280,0,280,264.5,-0.1
281,626.6,-0.1,634.2,281,280,0,281,264.4,-0.1
282,626.5,-0.1,634.2,282,280,0,282,264.3,-0.1
283,626.4,-0.1,634.1,283,280,0,283,264.2,-0.1
284,626.4,-0.1,634,284,279.9,0,284,264.1,-0.1
285,626.3,-0.1,633.9,285,279.9,0,285,263.9,-0.1
286,626.2,-0.1,633.8,286,279.9,0,286,263.8,-0.1
287,626.1,-0.1,633.8,287,279.9,0,287,263.7,-0.1
288,626,-0.1,633.7,288,279.9,0,288,263.6,-0.1
289,625.9,-0.1,633.6,289,279.9,0,289,263.5,-0.1
290,625.8,-0.1,633.5,290,279.9,0,290,263.4,-0.1
291,625.7,-0.1,633.4,291,279.9,0,291,263.3,-0.1
292,625.6,-0.1,633.3,292,279.9,0,292,263.2,-0.1
293,625.5,-0.1,633.1,293,279.9,0,293,263.1,-0.1
294,625.4,-0.1,633,294,279.9,0,294,263,-0.1
295,625.3,-0.1,632.9,295,279.9,0,295,262.9,-0.1
296,625.2,-0.1,632.8,296,279.9,0,296,262.8,-0.1
297,625,-0.1,632.7,297,279.9,0,297,262.8,-0.1
298,624.9,-0.1,632.5,298,279.8,0,298,262.7,-0.1
299,624.8,-0.1,632.4,299,279.8,0,299,262.6,-0.1
300,624.6,-0.1,632.2,300,279.8,0,300,262.5,-0.1
301,624.5,-0.2,632.1,301,279.8,0,301,262.4,-0.1
302,624.3,-0.2,631.9,302,279.8,0,302,262.3,-0.1
303,624.1,-0.2,631.8,303,279.8,0,303,262.2,-0.1
304,624,-0.2,631.6,304,279.8,0,304,262.2,-0.1
305,623.8,-0.2,631.4,305,279.8,0,305,262.1,-0.1
306,623.6,-0.2,631.2,306,279.7,0,306,262,-0.1
307,623.4,-0.2,631.1,307,279.7,0,307,262,-0.1
308,623.3,-0.2,630.9,308,279.7,0,308,261.9,-0.1
309,623.1,-0.2,630.7,309,279.7,0,309,261.8,-0.1
310,622.9,-0.2,630.5,310,279.6,0,310,261.8,-0.1
311,622.7,-0.2,630.3,311,279.6,0,311,261.7,-0.1
312,622.5,-0.2,630.1,312,279.6,0,312,261.7,-0.1
313,622.3,-0.2,629.9,313,279.6,0,313,261.6,0
314,622.1,-0.2,629.7,314,279.5,0,314,261.6,0
315,621.9,-0.2,629.5,315,279.5,0,315,261.5,0
316,621.7,-0.2,629.3,316,279.5,0,316,261.5,0
317,621.5,-0.2,629.1,317,279.4,0,317,261.5,0
318,621.4,-0.2,628.9,318,279.4,0,318,261.4,0
319,621.2,-0.2,628.7,319,279.4,0,319,261.4,0
320,621,-0.2,628.6,320,279.3,0,320,261.4,0
321,620.8,-0.2,628.4,321,279.3,0,321,261.4,0
322,620.6,-0.2,628.2,322,279.2,0,322,261.4,0
323,620.5,-0.2,628,323,279.2,0,323,261.3,0
324,620.3,-0.2,627.9,324,279.1,0,324,261.3,0
325,620.1,-0.2,627.7,325,279.1,0,325,261.3,0
326,620,-0.2,627.5,326,279.1,0,326,261.3,0
327,619.8,-0.1,627.4,327,279,0,327,261.4,0
328,619.7,-0.1,627.2,328,279,0,328,261.4,0
329,619.6,-0.1,627.1,329,278.9,-0.1,329,261.4,0
330,619.4,-0.1,627,330,278.9,-0.1,330,261.4,0
331,619.3,-0.1,626.9,331,278.8,-0.1,331,261.5,0
332,619.2,-0.1,626.8,332,278.8,-0.1,332,261.5,0
333,619.1,-0.1,626.7,333,278.7,-0.1,333,261.5,0
334,619,-0.1,626.6,334,278.6,-0.1,334,261.6,0
335,618.9,-0.1,626.5,335,278.6,-0.1,335,261.6,0.1
336,618.9,-0.1,626.4,336,278.5,-0.1,336,261.7,0.1
337,618.8,-0.1,626.4,337,278.5,-0.1,337,261.7,0.1
338,618.8,0,626.3,338,278.4,-0.1,338,261.8,0.1
339,618.7,0,626.3,339,278.4,-0.1,339,261.9,0.1
340,618.7,0,626.2,340,278.3,-0.1,340,261.9,0.1
341,618.7,0,626.2,341,278.2,-0.1,341,262,0.1
342,618.6,0,626.2,342,278.2,-0.1,342,262.1,0.1
343,618.6,0,626.2,343,278.1,-0.1,343,262.2,0.1
344,618.6,0,626.2,344,278.1,-0.1,344,262.2,0.1
345,618.7,0,626.2,345,278,-0.1,345,262.3,0.1
346,618.7,0,626.2,346,277.9,-0.1,346,262.4,0.1
347,618.7,0,626.2,347,277.9,-0.1,347,262.5,0.1
348,618.7,0,626.3,348,277.8,-0.1,348,262.5,0.1
349,618.8,0,626.3,349,277.8,-0.1,349,262.6,0.1
350,618.8,0.1,626.4,350,277.7,-0.1,350,262.7,0.1
351,618.9,0.1,626.4,351,277.6,-0.1,351,262.8,0.1
352,619,0.1,626.5,352,277.6,-0.1,352,262.9,0.1
353,619,0.1,626.6,353,277.5,-0.1,353,263,0.1
354,619.1,0.1,626.7,354,277.5,-0.1,354,263,0.1
355,619.2,0.1,626.8,355,277.4,-0.1,355,263.1,0.1
356,619.3,0.1,626.9,356,277.4,-0.1,356,263.2,0.1
357,619.5,0.1,627,357,277.3,0,357,263.3,0.1
358,619.6,0.1,627.1,358,277.3,0,358,263.4,0.1
359,619.7,0.1,627.3,359,277.2,0,359,263.4,0.1
360,619.9,0.1,627.4,360,277.2,0,360,263.5,0.1
361,620,0.2,627.6,361,277.1,0,361,263.6,0.1
362,620.2,0.2,627.7,362,277.1,0,362,263.6,0.1
363,620.3,0.2,627.9,363,277.1,0,363,263.7,0.1
364,620.5,0.2,628.1,364,277,0,364,263.8,0.1
365,620.7,0.2,628.3,365,277,0,365,263.8,0.1
366,620.9,0.2,628.5,366,277,0,366,263.9,0.1
367,621.1,0.2,628.7,367,276.9,0,367,263.9,0
368,621.3,0.2,628.9,368,276.9,0,368,264,0
369,621.5,0.2,629.1,369,276.9,0,369,264,0
370,621.7,0.2,629.3,370,276.8,0,370,264.1,0
371,622,0.2,629.6,371,276.8,0,371,264.1,0
372,622.2,0.2,629.8,372,276.8,0,372,264.1,0
373,622.5,0.2,630,373,276.8,0,373,264.2,0
374,622.7,0.3,630.3,374,276.7,0,374,264.2,0
375,623,0.3,630.6,375,276.7,0,375,264.2,0
376,623.2,0.3,630.8,376,276.7,0,376,264.2,0
377,623.5,0.3,631.1,377,276.7,0,377,264.3,0
378,623.8,0.3,631.4,378,276.7,0,378,264.3,0
379,624,0.3,631.7,379,276.7,0,379,264.3,0
380,624.3,0.3,631.9,380,276.7,0,380,264.3,0
381,624.6,0.3,632.2,381,276.7,0,381,264.3,0
382,624.9,0.3,632.5,382,276.6,0,382,264.3,0
383,625.2,0.3,632.8,383,276.6,0,383,264.3,0
384,625.5,0.3,633.1,384,276.6,0,384,264.3,0
385,625.8,0.3,633.4,385,276.6,0,385,264.3,0
386,626.1,0.3,633.7,386,276.6,0,386,264.3,0
387,626.4,0.3,634,387,276.6,0,387,264.3,0
388,626.7,0.3,634.3,388,276.6,0,388,264.3,0
389,627,0.3,634.6,389,276.6,0,389,264.3,0
390,627.3,0.3,634.9,390,276.6,0,390,264.3,0
391,627.6,0.3,635.2,391,276.6,0,391,264.3,0
392,627.9,0.3,635.6,392,276.6,0,392,264.3,0
393,628.2,0.3,635.9,393,276.6,0,393,264.3,0
394,628.5,0.3,636.2,394,276.6,0,394,264.3,0
395,628.8,0.3,636.5,395,276.6,0,395,264.3,0
396,629.1,0.3,636.8,396,276.6,0,396,264.3,0
397,629.4,0.3,637.1,397,276.7,0,397,264.2,0
398,629.7,0.3,637.4,398,276.7,0,398,264.2,0
399,630,0.3,637.7,399,276.7,0,399,264.2,0
400,630.3,0.3,638,400,276.7,0,400,264.2,0
401,630.6,0.3,638.3,401,276.7,0,401,264.2,0
402,630.9,0.3,638.6,402,276.7,0,402,264.1,0
403,631.2,0.3,638.9,403,276.7,0,403,264.1,0
404,631.4,0.3,639.1,404,276.7,0,404,264.1,0
405,631.7,0.3,639.4,405,276.7,0,405,264.1,0
406,632,0.3,639.7,406,276.7,0,406,264,0
407,632.3,0.3,640,407,276.7,0,407,264,0
408,632.5,0.3,640.2,408,276.8,0,408,264,0
409,632.8,0.3,640.5,409,276.8,0,409,264,0
410,633,0.2,640.7,410,276.8,0,410,263.9,0
411,633.3,0.2,641,411,276.8,0,411,263.9,0
412,633.5,0.2,641.2,412,276.8,0,412,263.9,0
413,633.7,0.2,641.5,413,276.8,0,413,263.9,0
414,634,0.2,641.7,414,276.8,0,414,263.8,0
415,634.2,0.2,641.9,415,276.8,0,415,263.8,0
416,634.4,0.2,642.1,416,276.8,0,416,263.8,0
417,634.6,0.2,642.3,417,276.8,0,417,263.8,0
418,634.8,0.2,642.5,418,276.8,0,418,263.7,0
419,635,0.2,642.7,419,276.9,0,419,263.7,0
420,635.1,0.2,642.9,420,276.9,0,420,263.7,0
421,635.3,0.2,643.1,421,276.9,0,421,263.7,0
422,635.5,0.2,643.2,422,276.9,0,422,263.6,0
423,635.6,0.1,643.4,423,276.9,0,423,263.6,0
424,635.7,0.1,643.5,424,276.9,0,424,263.6,0
425,635.9,0.1,643.6,425,276.9,0,425,263.6,0
426,636,0.1,643.7,426,276.9,0,426,263.5,0
427,636.1,0.1,643.8,427,276.9,0,427,263.5,0
428,636.2,0.1,643.9,428,276.9,0,428,263.5,0
429,636.2,0.1,644,429,276.9,0,429,263.5,0
430,636.3,0.1,644.1,430,276.9,0,430,263.5,0
431,636.4,0,644.1,431,276.9,0,431,263.5,0
432,636.4,0,644.2,432,276.9,0,432,263.4,0
433,636.4,0,644.2,433,276.9,0,433,263.4,0
434,636.5,0,644.2,434,276.9,0,434,263.4,0
435,636.5,0,644.3,435,276.9,0,435,263.4,0
436,636.5,0,644.3,436,276.9,0,436,263.4,0
437,636.5,0,644.3,437,276.9,0,437,263.4,0
438,636.5,0,644.3,438,276.9,0,438,263.4,0
439,636.5,0,644.3,439,276.9,0,439,263.4,0
440,636.5,0,644.3,440,276.9,0,440,263.4,0
441,636.5,0,644.3,441,276.9,0,441,263.4,0
442,636.5,0,644.3,442,276.9,0,442,263.3,0
443,636.6,0,644.3,443,276.8,0,443,263.3,0
444,636.6,0,644.3,444,276.8,0,444,263.3,0
445,636.6,0,644.4,445,276.8,0,445,263.3,0
446,636.6,0,644.4,446,276.8,0,446,263.3,0
447,636.7,0,644.5,447,276.8,0,447,263.3,0
448,636.7,0.1,644.5,448,276.8,0,448,263.3,0
449,636.8,0.1,644.6,449,276.8,0,449,263.3,0
450,636.9,0.1,644.6,450,276.8,0,450,263.3,0
451,637,0.1,644.7,451,276.8,0,451,263.3,0
452,637.1,0.1,644.8,452,276.8,0,452,263.3,0
453,637.2,0.1,645,453,276.8,0,453,263.3,0
454,637.3,0.2,645.1,454,276.8,0,454,263.3,0
455,637.5,0.2,645.3,455,276.7,0,455,263.3,0
456,637.7,0.2,645.5,456,276.7,0,456,263.3,0
457,637.9,0.2,645.7,457,276.7,0,457,263.3,0
458,638.1,0.2,645.9,458,276.7,0,458,263.2,0
459,638.4,0.3,646.2,459,276.7,0,459,263.2,0
460,638.6,0.3,646.4,460,276.7,0,460,263.2,0
461,638.9,0.3,646.7,461,276.7,0,461,263.2,0
462,639.3,0.3,647.1,462,276.7,0,462,263.2,0
463,639.6,0.4,647.4,463,276.7,0,463,263.2,0
464,640,0.4,647.8,464,276.7,0,464,263.2,0
465,640.5,0.4,648.3,465,276.7,0,465,263.2,0
466,640.9,0.5,648.7,466,276.7,0,466,263.2,0
467,641.4,0.5,649.2,467,276.7,0,467,263.1,0
468,641.9,0.5,649.7,468,276.7,0,468,263.1,0
469,642.4,0.5,650.2,469,276.7,0,469,263.1,0
470,642.9,0.5,650.7,470,276.7,0,470,263.1,0
471,643.4,0.6,651.3,471,276.7,0,471,263.1,0
472,644,0.6,651.9,472,276.7,0,472,263,0
473,644.6,0.6,652.4,473,276.7,0,473,263,0
474,645.2,0.6,653,474,276.6,0,474,263,0
475,645.8,0.6,653.6,475,276.6,0,475,263,0
476,646.4,0.6,654.3,476,276.6,0,476,262.9,0
477,647,0.6,654.9,477,276.6,0,477,262.9,0
478,647.6,0.6,655.5,478,276.6,0,478,262.9,0
479,648.2,0.6,656.2,479,276.6,0,479,262.9,0
480,648.9,0.6,656.8,480,276.6,0,480,262.8,0
481,649.5,0.6,657.4,481,276.6,0,481,262.8,0
482,650.1,0.6,658.1,482,276.6,0,482,262.7,0
483,650.8,0.6,658.7,483,276.6,0,483,262.7,0
484,651.4,0.6,659.3,484,276.6,0,484,262.7,0
485,652,0.6,660,485,276.6,0,485,262.6,0
486,652.6,0.6,660.6,486,276.6,0,486,262.6,0
487,653.2,0.6,661.2,487,276.6,0,487,262.5,0
488,653.8,0.6,661.8,488,276.6,0,488,262.5,-0.1
489,654.4,0.6,662.4,489,276.6,0,489,262.4,-0.1
490,655,0.6,662.9,490,276.5,0,490,262.4,-0.1
491,655.5,0.5,663.5,491,276.5,0,491,262.3,-0.1
492,656,0.5,664,492,276.5,0,492,262.3,-0.1
493,656.6,0.5,664.6,493,276.5,0,493,262.2,-0.1
494,657.1,0.5,665.1,494,276.5,0,494,262.1,-0.1
495,657.5,0.5,665.5,495,276.5,0,495,262.1,-0.1
496,658,0.4,666,496,276.5,0,496,262,-0.1
497,658.4,0.4,666.4,497,276.5,0,497,261.9,-0.1
498,658.8,0.4,666.8,498,276.4,0,498,261.8,-0.1
499,659.2,0.4,667.2,499,276.4,0,499,261.8,-0.1
500,659.5,0.3,667.6,500,276.4,0,500,261.7,-0.1
501,659.8,0.3,667.9,501,276.4,0,501,261.6,-0.1
502,660.1,0.3,668.1,502,276.3,0,502,261.5,-0.1
503,660.3,0.2,668.4,503,276.3,0,503,261.4,-0.1
504,660.5,0.2,668.6,504,276.3,0,504,261.3,-0.1
505,660.7,0.2,668.8,505,276.3,0,505,261.2,-0.1
506,660.9,0.1,669,506,276.3,0,506,261.1,-0.1
507,661,0.1,669.1,507,276.2,0,507,261.1,-0.1
508,661.1,0.1,669.2,508,276.2,0,508,261,-0.1
509,661.2,0.1,669.3,509,276.2,0,509,260.9,-0.1
510,661.2,0,669.3,510,276.1,0,510,260.8,-0.1
511,661.3,0,669.3,511,276.1,0,511,260.7,-0.1
512,661.3,0,669.4,512,276.1,0,512,260.6,-0.1
513,661.3,0,669.3,513,276.1,0,513,260.5,-0.1
514,661.2,0,669.3,514,276,0,514,260.4,-0.1
515,661.2,-0.1,669.3,515,276,0,515,260.3,-0.1
516,661.1,-0.1,669.2,516,276,0,516,260.3,-0.1
517,661,-0.1,669.1,517,276,0,517,260.2,-0.1
518,660.9,-0.1,669,518,276,0,518,260.1,-0.1
519,660.8,-0.1,668.9,519,275.9,0,519,260.1,-0.1
520,660.7,-0.1,668.7,520,275.9,0,520,260,-0.1
521,660.5,-0.1,668.6,521,275.9,0,521,260,0
522,660.4,-0.2,668.4,522,275.9,0,522,259.9,0
523,660.2,-0.2,668.3,523,275.9,0,523,259.9,0
524,660,-0.2,668.1,524,275.9,0,524,259.8,0
525,659.9,-0.2,667.9,525,275.9,0,525,259.8,0
526,659.7,-0.2,667.7,526,275.9,0,526,259.8,0
527,659.5,-0.2,667.5,527,275.9,0,527,259.8,0
528,659.3,-0.2,667.3,528,275.9,0,528,259.8,0
529,659.1,-0.2,667.1,529,275.9,0,529,259.8,0
530,658.9,-0.2,666.9,530,275.9,0,530,259.8,0
531,658.7,-0.2,666.7,531,275.9,0,531,259.8,0
532,658.5,-0.2,666.5,532,275.9,0,532,259.9,0
533,658.3,-0.2,666.3,533,275.9,0,533,259.9,0.1
534,658.1,-0.2,666.1,534,275.9,0,534,260,0.1
535,657.8,-0.2,665.9,535,276,0,535,260.1,0.1
536,657.7,-0.2,665.7,536,276,0,536,260.1,0.1
537,657.5,-0.2,665.5,537,276,0,537,260.2,0.1
538,657.3,-0.2,665.3,538,276.1,0,538,260.3,0.1
539,657.1,-0.2,665.1,539,276.1,0,539,260.5,0.1
540,656.9,-0.2,664.9,540,276.1,0,540,260.6,0.1
541,656.7,-0.2,664.8,541,276.2,0,541,260.7,0.1
542,656.6,-0.2,664.6,542,276.2,0,542,260.9,0.2
543,656.4,-0.2,664.4,543,276.3,0.1,543,261.1,0.2
544,656.3,-0.2,664.3,544,276.3,0.1,544,261.2,0.2
545,656.1,-0.1,664.1,545,276.4,0.1,545,261.4,0.2
546,656,-0.1,664,546,276.4,0.1,546,261.6,0.2
547,655.8,-0.1,663.8,547,276.5,0.1,547,261.7,0.2
548,655.7,-0.1,663.7,548,276.6,0.1,548,261.9,0.2
549,655.5,-0.1,663.5,549,276.6,0.1,549,262.1,0.2
550,655.4,-0.1,663.4,550,276.7,0.1,550,262.3,0.2
551,655.3,-0.1,663.3,551,276.7,0.1,551,262.5,0.2
552,655.1,-0.1,663.1,552,276.8,0.1,552,262.7,0.2
553,655,-0.1,663,553,276.9,0.1,553,262.8,0.2
554,654.9,-0.1,662.9,554,276.9,0.1,554,263,0.2
555,654.7,-0.1,662.7,555,277,0.1,555,263.2,0.2
556,654.6,-0.1,662.6,556,277,0.1,556,263.4,0.2
557,654.5,-0.1,662.5,557,277.1,0.1,557,263.5,0.2
558,654.3,-0.1,662.3,558,277.2,0.1,558,263.7,0.2
559,654.2,-0.1,662.2,559,277.2,0.1,559,263.9,0.1
560,654.1,-0.1,662.1,560,277.3,0,560,264,0.1
561,653.9,-0.1,661.9,561,277.3,0,561,264.1,0.1
562,653.8,-0.1,661.8,562,277.4,0,562,264.3,0.1
563,653.7,-0.1,661.6,563,277.4,0,563,264.4,0.1
564,653.5,-0.1,661.5,564,277.4,0,564,264.5,0.1
565,653.4,-0.2,661.3,565,277.5,0,565,264.5,0.1
566,653.2,-0.2,661.2,566,277.5,0,566,264.6,0.1
567,653.1,-0.2,661,567,277.5,0,567,264.7,0
568,652.9,-0.2,660.9,568,277.6,0,568,264.7,0
569,652.7,-0.2,660.7,569,277.6,0,569,264.7,0
570,652.6,-0.2,660.5,570,277.6,0,570,264.7,0
571,652.4,-0.2,660.3,571,277.6,0,571,264.7,0
572,652.2,-0.2,660.1,572,277.6,0,572,264.7,0
573,652,-0.2,659.9,573,277.6,0,573,264.6,-0.1
574,651.8,-0.2,659.7,574,277.6,0,574,264.6,-0.1
575,651.6,-0.2,659.5,575,277.6,0,575,264.5,-0.1
576,651.4,-0.2,659.3,576,277.5,0,576,264.3,-0.1
577,651.2,-0.2,659.1,577,277.5,0,577,264.2,-0.1
578,650.9,-0.2,658.9,578,277.5,0,578,264.1,-0.1
579,650.7,-0.2,658.6,579,277.5,0,579,263.9,-0.2
580,650.4,-0.2,658.4,580,277.4,0,580,263.8,-0.2
581,650.2,-0.3,658.1,581,277.4,0,581,263.6,-0.2
582,649.9,-0.3,657.9,582,277.4,0,582,263.4,-0.2
583,649.7,-0.3,657.6,583,277.3,0,583,263.2,-0.2
584,649.4,-0.3,657.3,584,277.3,0,584,263.1,-0.2
585,649.1,-0.3,657,585,277.2,0,585,262.9,-0.2
586,648.8,-0.3,656.7,586,277.2,0,586,262.7,-0.2
587,648.5,-0.3,656.4,587,277.2,0,587,262.5,-0.2
588,648.2,-0.3,656.1,588,277.1,0,588,262.3,-0.2
589,647.9,-0.3,655.8,589,277.1,0,589,262.1,-0.2
590,647.6,-0.3,655.5,590,277,0,590,261.9,-0.2
591,647.3,-0.3,655.2,591,277,0,591,261.8,-0.2
592,646.9,-0.3,654.8,592,277,0,592,261.6,-0.2
593,646.6,-0.3,654.5,593,277,0,593,261.5,-0.1
594,646.2,-0.4,654.1,594,276.9,0,594,261.3,-0.1
595,645.9,-0.4,653.8,595,276.9,0,595,261.2,-0.1
596,645.5,-0.4,653.4,596,276.9,0,596,261.1,-0.1
597,645.1,-0.4,653,597,276.9,0,597,261,-0.1
598,644.7,-0.4,652.6,598,276.9,0,598,260.9,-0.1
599,644.4,-0.4,652.2,599,276.9,0,599,260.8,-0.1
600,644,-0.4,651.8,600,276.9,0,600,260.8,0
601,643.6,-0.4,651.4,601,276.9,0,601,260.7,0
602,643.1,-0.4,651,602,276.9,0,602,260.7,0
603,642.7,-0.4,650.6,603,276.9,0,603,260.7,0
604,642.3,-0.4,650.2,604,277,0,604,260.7,0
605,641.9,-0.4,649.7,605,277,0,605,260.7,0
606,641.5,-0.4,649.3,606,277,0,606,260.7,0
607,641.1,-0.4,648.9,607,277,0,607,260.7,0
608,640.7,-0.4,648.5,608,277.1,0,608,260.7,0
609,640.3,-0.4,648.1,609,277.1,0,609,260.8,0
610,639.9,-0.4,647.7,610,277.2,0,610,260.8,0
611,639.5,-0.4,647.3,611,277.2,0,611,260.9,0.1
612,639.1,-0.4,646.9,612,277.2,0,612,260.9,0.1
613,638.7,-0.4,646.5,613,277.3,0,613,261,0.1
614,638.3,-0.4,646.1,614,277.3,0,614,261,0.1
615,637.9,-0.4,645.7,615,277.4,0.1,615,261.1,0.1
616,637.5,-0.4,645.3,616,277.4,0.1,616,261.2,0.1
617,637.2,-0.4,645,617,277.5,0.1,617,261.3,0.1
618,636.8,-0.3,644.6,618,277.5,0.1,618,261.3,0.1
619,636.5,-0.3,644.3,619,277.6,0.1,619,261.4,0.1
620,636.2,-0.3,644,620,277.6,0.1,620,261.5,0.1
621,635.9,-0.3,643.6,621,277.7,0.1,621,261.6,0.1
622,635.6,-0.3,643.4,622,277.8,0.1,622,261.7,0.1
623,635.3,-0.3,643.1,623,277.8,0.1,623,261.7,0.1
624,635.1,-0.3,642.8,624,277.9,0.1,624,261.8,0.1
625,634.8,-0.2,642.6,625,277.9,0.1,625,261.9,0.1
626,634.6,-0.2,642.3,626,278,0.1,626,262,0.1
627,634.4,-0.2,642.1,627,278,0.1,627,262,0.1
628,634.2,-0.2,641.9,628,278.1,0.1,628,262.1,0.1
629,634,-0.2,641.8,629,278.1,0.1,629,262.2,0.1
630,633.9,-0.1,641.6,630,278.2,0.1,630,262.2,0
631,633.8,-0.1,641.5,631,278.2,0.1,631,262.3,0
632,633.7,-0.1,641.4,632,278.3,0,632,262.3,0
633,633.6,-0.1,641.4,633,278.3,0,633,262.3,0
634,633.6,0,641.3,634,278.4,0,634,262.4,0
635,633.6,0,641.3,635,278.4,0,635,262.4,0
636,633.6,0,641.3,636,278.5,0,636,262.4,0
637,633.6,0,641.3,637,278.5,0,637,262.4,0
638,633.7,0.1,641.4,638,278.6,0,638,262.4,0
639,633.7,0.1,641.5,639,278.6,0,639,262.4,0
640,633.8,0.1,641.6,640,278.6,0,640,262.4,0
641,634,0.1,641.7,641,278.7,0,641,262.3,0
642,634.1,0.1,641.8,642,278.7,0,642,262.3,0
643,634.2,0.2,642,643,278.7,0,643,262.3,0
644,634.4,0.2,642.2,644,278.8,0,644,262.3,0
645,634.6,0.2,642.3,645,278.8,0,645,262.2,0
646,634.8,0.2,642.6,646,278.8,0,646,262.2,0
647,635,0.2,642.8,647,278.9,0,647,262.2,0
648,635.3,0.2,643,648,278.9,0,648,262.1,0
649,635.5,0.3,643.3,649,278.9,0,649,262.1,0
650,635.8,0.3,643.5,650,279,0,650,262,0
651,636,0.3,643.8,651,279,0,651,262,0
652,636.3,0.3,644.1,652,279,0,652,261.9,-0.1
653,636.6,0.3,644.4,653,279,0,653,261.9,-0.1
654,636.9,0.3,644.7,654,279.1,0,654,261.8,-0.1
655,637.2,0.3,645,655,279.1,0,655,261.8,-0.1
656,637.6,0.3,645.3,656,279.1,0,656,261.7,-0.1
657,637.9,0.3,645.7,657,279.1,0,657,261.7,-0.1
658,638.2,0.3,646,658,279.2,0,658,261.6,-0.1
659,638.5,0.3,646.3,659,279.2,0,659,261.6,-0.1
660,638.9,0.3,646.7,660,279.2,0,660,261.5,0
661,639.2,0.3,647,661,279.2,0,661,261.5,0
662,639.6,0.3,647.4,662,279.3,0,662,261.4,0
663,639.9,0.4,647.7,663,279.3,0,663,261.4,0
664,640.3,0.4,648.1,664,279.3,0,664,261.3,0
665,640.6,0.4,648.5,665,279.3,0,665,261.3,0
666,641,0.3,648.8,666,279.4,0,666,261.3,0
667,641.3,0.3,649.2,667,279.4,0,667,261.2,0
668,641.7,0.3,649.5,668,279.4,0,668,261.2,0
669,642,0.3,649.9,669,279.4,0,669,261.2,0
670,642.4,0.3,650.2,670,279.5,0,670,261.2,0
671,642.7,0.3,650.5,671,279.5,0,671,261.1,0
672,643,0.3,650.9,672,279.5,0,672,261.1,0
673,643.4,0.3,651.2,673,279.5,0,673,261.1,0
674,643.7,0.3,651.5,674,279.5,0,674,261.1,0
675,644,0.3,651.9,675,279.6,0,675,261.1,0
676,644.3,0.3,652.2,676,279.6,0,676,261.1,0
677,644.6,0.3,652.5,677,279.6,0,677,261.1,0
678,644.9,0.3,652.8,678,279.6,0,678,261.1,0
679,645.2,0.3,653.1,679,279.6,0,679,261.1,0
680,645.5,0.3,653.4,680,279.7,0,680,261.2,0
681,645.8,0.3,653.7,681,279.7,0,681,261.2,0
682,646.1,0.3,653.9,682,279.7,0,682,261.2,0
683,646.3,0.3,654.2,683,279.7,0,683,261.2,0
684,646.6,0.3,654.5,684,279.7,0,684,261.3,0
685,646.9,0.3,654.7,685,279.7,0,685,261.3,0
686,647.1,0.2,655,686,279.7,0,686,261.3,0
687,647.3,0.2,655.2,687,279.8,0,687,261.4,0
688,647.6,0.2,655.5,688,279.8,0,688,261.4,0
689,647.8,0.2,655.7,689,279.8,0,689,261.5,0
690,648,0.2,655.9,690,279.8,0,690,261.5,0
691,648.2,0.2,656.2,691,279.8,0,691,261.6,0.1
692,648.5,0.2,656.4,692,279.8,0,692,261.6,0.1
693,648.6,0.2,656.6,693,279.8,0,693,261.7,0.1
694,648.8,0.2,656.8,694,279.8,0,694,261.7,0.1
695,649,0.2,656.9,695,279.7,0,695,261.8,0.1
696,649.2,0.2,657.1,696,279.7,0,696,261.9,0.1
697,649.3,0.2,657.3,697,279.7,0,697,261.9,0.1
698,649.5,0.1,657.4,698,279.7,0,698,262,0.1
699,649.6,0.1,657.6,699,279.7,0,699,262.1,0.1
700,649.8,0.1,657.7,700,279.7,0,700,262.1,0.1
701,649.9,0.1,657.8,701,279.6,0,701,262.2,0.1
702,650,0.1,657.9,702,279.6,0,702,262.3,0.1
703,650.1,0.1,658,703,279.6,0,703,262.4,0.1
704,650.2,0.1,658.1,704,279.5,0,704,262.4,0.1
705,650.3,0.1,658.2,705,279.5,0,705,262.5,0.1
706,650.4,0.1,658.3,706,279.5,0,706,262.6,0.1
707,650.4,0.1,658.4,707,279.4,0,707,262.7,0.1
708,650.5,0.1,658.4,708,279.4,0,708,262.8,0.1
709,650.5,0,658.5,709,279.3,0,709,262.9,0.1
710,650.6,0,658.5,710,279.3,0,710,263,0.1
711,650.6,0,658.6,711,279.3,0,711,263.1,0.1
712,650.6,0,658.6,712,279.2,0,712,263.2,0.1
713,650.7,0,658.6,713,279.2,0,713,263.3,0.1
714,650.7,0,658.6,714,279.1,0,714,263.4,0.1
715,650.7,0,658.6,715,279.1,0,715,263.5,0.1
716,650.7,0,658.6,716,279,0,716,263.6,0.1
717,650.6,0,658.6,717,279,0,717,263.7,0.1
718,650.6,0,658.6,718,278.9,0,718,263.8,0.1
719,650.6,0,658.5,719,278.9,0,719,263.9,0.1
720,650.6,0,658.5,720,278.9,0,720,264,0.1
721,650.5,0,658.4,721,278.8,0,721,264.1,0.1
722,650.5,-0.1,658.4,722,278.8,0,722,264.2,0.1
723,650.4,-0.1,658.3,723,278.7,0,723,264.3,0.1
724,650.3,-0.1,658.3,724,278.7,0,724,264.4,0.1
725,650.3,-0.1,658.2,725,278.7,0,725,264.5,0.1
726,650.2,-0.1,658.1,726,278.6,0,726,264.6,0.1
727,650.1,-0.1,658,727,278.6,0,727,264.8,0.1
728,650,-0.1,657.9,728,278.6,0,728,264.9,0.1
729,649.9,-0.1,657.8,729,278.5,0,729,265,0.1
730,649.8,-0.1,657.7,730,278.5,0,730,265.1,0.1
731,649.7,-0.1,657.6,731,278.5,0,731,265.2,0.1
732,649.5,-0.1,657.5,732,278.5,0,732,265.3,0.1
733,649.4,-0.1,657.3,733,278.4,0,733,265.4,0.1
734,649.3,-0.1,657.2,734,278.4,0,734,265.5,0.1
735,649.2,-0.1,657.1,735,278.4,0,735,265.7,0.1
736,649,-0.1,656.9,736,278.4,0,736,265.8,0.1
737,648.9,-0.1,656.8,737,278.4,0,737,265.9,0.1
738,648.7,-0.2,656.6,738,278.4,0,738,266,0.1
739,648.6,-0.2,656.5,739,278.4,0,739,266.1,0.1
740,648.4,-0.2,656.3,740,278.4,0,740,266.2,0.1
741,648.2,-0.2,656.1,741,278.4,0,741,266.4,0.1
742,648.1,-0.2,656,742,278.4,0,742,266.5,0.1
743,647.9,-0.2,655.8,743,278.4,0,743,266.6,0.1
744,647.7,-0.2,655.6,744,278.4,0,744,266.7,0.1
745,647.5,-0.2,655.4,745,278.4,0,745,266.8,0.1
746,647.3,-0.2,655.2,746,278.4,0,746,266.9,0.1
747,647.2,-0.2,655,747,278.4,0,747,267,0.1
748,647,-0.2,654.9,748,278.4,0,748,267.2,0.1
749,646.8,-0.2,654.7,749,278.4,0,749,267.3,0.1
750,646.6,-0.2,654.5,750,278.4,0,750,267.4,0.1
751,646.4,-0.2,654.3,751,278.4,0,751,267.5,0.1
752,646.2,-0.2,654.1,752,278.4,0,752,267.6,0.1
753,646,-0.2,653.9,753,278.4,0,753,267.7,0.1
754,645.8,-0.2,653.7,754,278.4,0,754,267.8,0.1
755,645.6,-0.2,653.4,755,278.4,0,755,267.9,0.1
756,645.4,-0.2,653.2,756,278.4,0,756,268,0.1
757,645.2,-0.2,653,757,278.4,0,757,268.1,0.1
758,645,-0.2,652.8,758,278.5,0,758,268.2,0.1
759,644.7,-0.2,652.6,759,278.5,0,759,268.3,0.1
760,644.5,-0.2,652.4,760,278.5,0,760,268.4,0.1
761,644.3,-0.2,652.2,761,278.5,0,761,268.5,0.1
762,644.1,-0.2,652,762,278.5,0,762,268.6,0.1
763,643.9,-0.2,651.8,763,278.5,0,763,268.7,0.1
764,643.7,-0.2,651.6,764,278.5,0,764,268.8,0.1
765,643.5,-0.2,651.3,765,278.5,0,765,268.9,0.1
766,643.3,-0.2,651.1,766,278.5,0,766,269,0.1
767,643.1,-0.2,650.9,767,278.5,0,767,269.1,0.1
768,642.9,-0.2,650.7,768,278.5,0,768,269.2,0.1
769,642.7,-0.2,650.5,769,278.5,0,769,269.3,0.1
770,642.5,-0.2,650.3,770,278.5,0,770,269.3,0.1
771,642.3,-0.2,650.1,771,278.5,0,771,269.4,0.1
772,642.1,-0.2,649.9,772,278.5,0,772,269.5,0.1
773,641.9,-0.2,649.8,773,278.5,0,773,269.6,0.1
774,641.7,-0.2,649.6,774,278.5,0,774,269.7,0.1
775,641.6,-0.2,649.4,775,278.5,0,775,269.7,0.1
776,641.4,-0.2,649.3,776,278.5,0,776,269.8,0.1
777,641.3,-0.1,649.1,777,278.5,0,777,269.9,0.1
778,641.1,-0.1,649,778,278.5,0,778,269.9,0.1
779,641,-0.1,648.8,779,278.5,0,779,270,0.1
780,640.9,-0.1,648.7,780,278.5,0,780,270.1,0.1
781,640.8,-0.1,648.6,781,278.5,0,781,270.1,0.1
782,640.7,-0.1,648.5,782,278.5,0,782,270.2,0.1
783,640.7,-0.1,648.5,783,278.5,0,783,270.2,0.1
784,640.6,0,648.4,784,278.5,0,784,270.3,0.1
785,640.6,0,648.4,785,278.5,0,785,270.3,0
786,640.5,0,648.4,786,278.5,0,786,270.4,0
787,640.5,0,648.4,787,278.5,0,787,270.4,0
788,640.6,0,648.4,788,278.5,0,788,270.5,0
789,640.6,0,648.4,789,278.5,0,789,270.5,0
790,640.7,0.1,648.5,790,278.5,0,790,270.5,0
791,640.7,0.1,648.6,791,278.5,0,791,270.6,0
792,640.8,0.1,648.7,792,278.5,0,792,270.6,0
793,641,0.1,648.8,793,278.5,0,793,270.6,0
794,641.1,0.2,648.9,794,278.5,0,794,270.6,0
795,641.3,0.2,649.1,795,278.5,0,795,270.7,0
796,641.5,0.2,649.3,796,278.5,0,796,270.7,0
797,641.7,0.2,649.6,797,278.5,0,797,270.7,0
798,642,0.3,649.8,798,278.5,0,798,270.7,0
799,642.3,0.3,650.1,799,278.5,0,799,270.7,0
800,642.6,0.3,650.4,800,278.5,0,800,270.7,0
801,642.9,0.4,650.8,801,278.5,0,801,270.7,0
802,643.3,0.4,651.1,802,278.5,0,802,270.7,0
803,643.7,0.4,651.5,803,278.5,0,803,270.7,0
804,644.1,0.4,652,804,278.5,0,804,270.7,0
805,644.6,0.5,652.4,805,278.6,0,805,270.6,0
806,645,0.5,652.9,806,278.6,0,806,270.6,0
807,645.5,0.5,653.4,807,278.6,0,807,270.6,0
808,646,0.5,653.9,808,278.6,0,808,270.6,0
809,646.5,0.5,654.4,809,278.6,0,809,270.6,0
810,647.1,0.5,655,810,278.6,0,810,270.5,0
811,647.6,0.5,655.5,811,278.6,0,811,270.5,0
812,648.2,0.6,656.1,812,278.7,0,812,270.5,0
813,648.7,0.6,656.6,813,278.7,0,813,270.4,0
814,649.3,0.6,657.2,814,278.7,0,814,270.4,0
815,649.8,0.6,657.8,815,278.7,0,815,270.4,0
816,650.4,0.6,658.3,816,278.7,0,816,270.3,0
817,651,0.6,658.9,817,278.7,0,817,270.3,0
818,651.5,0.6,659.5,818,278.8,0,818,270.2,0
819,652.1,0.5,660,819,278.8,0,819,270.2,0
820,652.6,0.5,660.6,820,278.8,0,820,270.1,0
821,653.1,0.5,661.1,821,278.8,0,821,270.1,0
822,653.7,0.5,661.6,822,278.8,0,822,270.1,0
823,654.2,0.5,662.1,823,278.9,0,823,270,0
824,654.7,0.5,662.6,824,278.9,0,824,270,0
825,655.1,0.5,663.1,825,278.9,0,825,269.9,0
826,655.6,0.4,663.6,826,278.9,0,826,269.9,0
827,656,0.4,664,827,278.9,0,827,269.8,0
828,656.4,0.4,664.4,828,279,0,828,269.8,0
829,656.8,0.4,664.8,829,279,0,829,269.7,0
830,657.2,0.3,665.2,830,279,0,830,269.7,0
831,657.5,0.3,665.5,831,279,0,831,269.7,0
832,657.8,0.3,665.8,832,279,0,832,269.6,0
833,658,0.2,666.1,833,279,0,833,269.6,0
834,658.3,0.2,666.3,834,279.1,0,834,269.5,0
835,658.5,0.2,666.5,835,279.1,0,835,269.5,0
836,658.6,0.2,666.7,836,279.1,0,836,269.5,0
837,658.8,0.1,666.8,837,279.1,0,837,269.4,0
838,658.9,0.1,667,838,279.1,0,838,269.4,0
839,659,0.1,667.1,839,279.1,0,839,269.4,0
840,659.1,0.1,667.1,840,279.2,0,840,269.4,0
841,659.2,0,667.2,841,279.2,0,841,269.3,0
842,659.2,0,667.2,842,279.2,0,842,269.3,0
843,659.2,0,667.2,843,279.2,0,843,269.3,0
844,659.2,0,667.2,844,279.2,0,844,269.3,0
845,659.2,0,667.2,845,279.2,0,845,269.3,0
846,659.1,-0.1,667.1,846,279.2,0,846,269.3,0
847,659,-0.1,667.1,847,279.3,0,847,269.2,0
848,659,-0.1,667,848,279.3,0,848,269.2,0
849,658.9,-0.1,666.9,849,279.3,0,849,269.2,0
850,658.7,-0.1,666.8,850,279.3,0,850,269.2,0
851,658.6,-0.1,666.6,851,279.3,0,851,269.3,0
852,658.5,-0.1,666.5,852,279.3,0,852,269.3,0
853,658.3,-0.2,666.3,853,279.3,0,853,269.3,0
854,658.1,-0.2,666.2,854,279.3,0,854,269.3,0
855,658,-0.2,666,855,279.3,0,855,269.3,0
856,657.8,-0.2,665.8,856,279.3,0,856,269.4,0
857,657.6,-0.2,665.6,857,279.3,0,857,269.4,0
858,657.4,-0.2,665.4,858,279.3,0,858,269.4,0
859,657.2,-0.2,665.2,859,279.3,0,859,269.5,0
860,656.9,-0.2,665,860,279.3,0,860,269.5,0.1
861,656.7,-0.2,664.7,861,279.3,0,861,269.6,0.1
862,656.5,-0.2,664.5,862,279.3,0,862,269.6,0.1
863,656.2,-0.2,664.2,863,279.3,0,863,269.7,0.1
864,656,-0.2,664,864,279.3,0,864,269.8,0.1
865,655.7,-0.3,663.7,865,279.3,0,865,269.8,0.1
866,655.5,-0.3,663.5,866,279.2,0,866,269.9,0.1
867,655.2,-0.3,663.2,867,279.2,0,867,270,0.1
868,655,-0.3,663,868,279.2,0,868,270,0.1
869,654.7,-0.3,662.7,869,279.2,0,869,270.1,0.1
870,654.4,-0.3,662.4,870,279.2,0,870,270.2,0.1
871,654.2,-0.3,662.2,871,279.2,0,871,270.3,0.1
872,653.9,-0.3,661.9,872,279.2,0,872,270.4,0.1
873,653.6,-0.3,661.6,873,279.2,0,873,270.4,0.1
874,653.3,-0.3,661.3,874,279.1,0,874,270.5,0.1
875,653.1,-0.3,661,875,279.1,0,875,270.6,0.1
876,652.8,-0.3,660.8,876,279.1,0,876,270.7,0.1
877,652.5,-0.3,660.5,877,279.1,0,877,270.8,0.1
878,652.2,-0.3,660.2,878,279.1,0,878,270.9,0.1
879,652,-0.3,659.9,879,279.1,0,879,270.9,0.1
880,651.7,-0.3,659.6,880,279.1,0,880,271,0.1
881,651.4,-0.3,659.3,881,279,0,881,271.1,0.1
882,651.1,-0.3,659.1,882,279,0,882,271.2,0.1
883,650.8,-0.3,658.8,883,279,0,883,271.3,0.1
884,650.6,-0.3,658.5,884,279,0,884,271.4,0.1
885,650.3,-0.3,658.2,885,279,0,885,271.4,0.1
886,650,-0.3,658,886,279,0,886,271.5,0.1
887,649.8,-0.3,657.7,887,279,0,887,271.6,0.1
888,649.5,-0.3,657.4,888,279,0,888,271.6,0.1
889,649.3,-0.3,657.2,889,279,0,889,271.7,0.1
890,649,-0.2,656.9,890,278.9,0,890,271.8,0.1
891,648.8,-0.2,656.7,891,278.9,0,891,271.8,0.1
892,648.5,-0.2,656.4,892,278.9,0,892,271.9,0.1
893,648.3,-0.2,656.2,893,278.9,0,893,271.9,0
894,648,-0.2,655.9,894,278.9,0,894,272,0
895,647.8,-0.2,655.7,895,278.9,0,895,272,0
896,647.6,-0.2,655.5,896,278.9,0,896,272.1,0
897,647.4,-0.2,655.3,897,278.9,0,897,272.1,0
898,647.2,-0.2,655.1,898,278.9,0,898,272.1,0
899,647,-0.2,654.9,899,278.9,0,899,272.1,0
900,646.8,-0.2,654.7,900,278.9,0,900,272.1,0
901,646.6,-0.2,654.5,901,278.9,0,901,272.2,0
902,646.4,-0.2,654.3,902,278.9,0,902,272.2,0
903,646.3,-0.2,654.2,903,278.9,0,903,272.2,0
904,646.1,-0.2,654,904,278.9,0,904,272.2,0
905,646,-0.1,653.9,905,278.9,0,905,272.1,0
906,645.8,-0.1,653.7,906,278.9,0,906,272.1,0
907,645.7,-0.1,653.6,907,278.9,0,907,272.1,0
908,645.6,-0.1,653.5,908,278.9,0,908,272.1,0
909,645.5,-0.1,653.3,909,279,0,909,272.1,0
910,645.4,-0.1,653.2,910,279,0,910,272,0
911,645.3,-0.1,653.1,911,279,0,911,272,0
912,645.2,-0.1,653,912,279,0,912,272,0
913,645.1,-0.1,653,913,279,0,913,271.9,0
914,645,-0.1,652.9,914,279,0,914,271.9,0
915,645,-0.1,652.8,915,279,0,915,271.8,-0.1
916,644.9,-0.1,652.8,916,279,0,916,271.8,-0.1
917,644.9,0,652.7,917,279,0,917,271.7,-0.1
918,644.8,0,652.7,918,279.1,0,918,271.6,-0.1
919,644.8,0,652.7,919,279.1,0,919,271.6,-0.1
920,644.8,0,652.6,920,279.1,0,920,271.5,-0.1
921,644.8,0,652.6,921,279.1,0,921,271.4,-0.1
922,644.8,0,652.6,922,279.1,0,922,271.4,-0.1
923,644.8,0,652.6,923,279.1,0,923,271.3,-0.1
924,644.8,0,652.6,924,279.1,0,924,271.2,-0.1
925,644.8,0,652.7,925,279.1,0,925,271.1,-0.1
926,644.8,0,652.7,926,279.1,0,926,271,-0.1
927,644.9,0,652.8,927,279.1,0,927,270.9,-0.1
928,644.9,0.1,652.8,928,279.1,0,928,270.9,-0.1
929,645,0.1,652.9,929,279.2,0,929,270.8,-0.1
930,645.1,0.1,653,930,279.2,0,930,270.7,-0.1
931,645.2,0.1,653,931,279.2,0,931,270.6,-0.1
932,645.3,0.1,653.1,932,279.2,0,932,270.5,-0.1
933,645.4,0.1,653.2,933,279.2,0,933,270.4,-0.1
934,645.5,0.1,653.3,934,279.2,0,934,270.3,-0.1
935,645.6,0.1,653.5,935,279.2,0,935,270.2,-0.1
936,645.7,0.1,653.6,936,279.2,0,936,270.1,-0.1
937,645.9,0.1,653.7,937,279.2,0,937,270,-0.1
938,646,0.2,653.9,938,279.2,0,938,269.9,-0.1
939,646.2,0.2,654.1,939,279.2,0,939,269.8,-0.1
940,646.4,0.2,654.2,940,279.1,0,940,269.7,-0.1
941,646.5,0.2,654.4,941,279.1,0,941,269.6,-0.1
942,646.7,0.2,654.6,942,279.1,0,942,269.4,-0.1
943,646.9,0.2,654.8,943,279.1,0,943,269.3,-0.1
944,647.1,0.2,655,944,279.1,0,944,269.2,-0.1
945,647.4,0.2,655.3,945,279.1,0,945,269.1,-0.1
946,647.6,0.2,655.5,946,279.1,0,946,269,-0.1
947,647.8,0.2,655.8,947,279,0,947,268.9,-0.1
948,648.1,0.3,656,948,279,0,948,268.8,-0.1
949,648.4,0.3,656.3,949,279,0,949,268.7,-0.1
950,648.6,0.3,656.5,950,279,0,950,268.6,-0.1
951,648.9,0.3,656.8,951,279,0,951,268.5,-0.1
952,649.2,0.3,657.1,952,278.9,0,952,268.4,-0.1
953,649.5,0.3,657.4,953,278.9,0,953,268.3,-0.1
954,649.8,0.3,657.7,954,278.9,0,954,268.2,-0.1
955,650,0.3,658,955,278.8,0,955,268,-0.1
956,650.3,0.3,658.3,956,278.8,0,956,267.9,-0.1
957,650.6,0.3,658.6,957,278.8,0,957,267.8,-0.1
958,650.9,0.3,658.9,958,278.8,0,958,267.7,-0.1
959,651.2,0.3,659.2,959,278.7,0,959,267.6,-0.1
960,651.5,0.3,659.5,960,278.7,0,960,267.5,-0.1
961,651.8,0.3,659.7,961,278.7,0,961,267.4,-0.1
962,652.1,0.3,660,962,278.7,0,962,267.3,-0.1
963,652.4,0.3,660.3,963,278.6,0,963,267.3,-0.1
964,652.6,0.3,660.6,964,278.6,0,964,267.2,-0.1
965,652.9,0.3,660.9,965,278.6,0,965,267.1,-0.1
966,653.2,0.3,661.1,966,278.5,0,966,267,-0.1
967,653.4,0.3,661.4,967,278.5,0,967,266.9,-0.1
968,653.7,0.2,661.7,968,278.5,0,968,266.8,-0.1
969,653.9,0.2,661.9,969,278.5,0,969,266.7,-0.1
970,654.1,0.2,662.1,970,278.5,0,970,266.7,-0.1
971,654.4,0.2,662.3,971,278.5,0,971,266.6,-0.1
972,654.6,0.2,662.6,972,278.4,0,972,266.5,-0.1
973,654.8,0.2,662.8,973,278.4,0,973,266.4,-0.1
974,655,0.2,663,974,278.4,0,974,266.4,-0.1
975,655.2,0.2,663.2,975,278.4,0,975,266.3,-0.1
976,655.4,0.2,663.4,976,278.4,0,976,266.2,-0.1
977,655.6,0.2,663.6,977,278.4,0,977,266.2,-0.1
978,655.7,0.2,663.7,978,278.4,0,978,266.1,-0.1
979,655.9,0.2,663.9,979,278.4,0,979,266.1,-0.1
980,656.1,0.2,664.1,980,278.4,0,980,266,-0.1
981,656.3,0.2,664.3,981,278.4,0,981,266,-0.1
982,656.5,0.2,664.5,982,278.4,0,982,265.9,0
983,656.7,0.2,664.7,983,278.4,0,983,265.9,0
984,656.9,0.2,665,984,278.4,0,984,265.8,0
985,657.2,0.2,665.2,985,278.4,0,985,265.8,0
986,657.4,0.2,665.4,986,278.5,0,986,265.7,0
987,657.6,0.3,665.7,987,278.5,0,987,265.7,0
988,657.9,0.3,665.9,988,278.5,0,988,265.6,0
989,658.2,0.3,666.2,989,278.5,0,989,265.6,0
990,658.5,0.3,666.5,990,278.6,0,990,265.6,0
991,658.8,0.3,666.8,991,278.6,0,991,265.5,0
992,659.1,0.3,667.1,992,278.6,0,992,265.5,0
993,659.4,0.3,667.5,993,278.7,0,993,265.5,0
994,659.8,0.4,667.8,994,278.7,0,994,265.5,0
995,660.2,0.4,668.2,995,278.7,0,995,265.4,0
996,660.6,0.4,668.6,996,278.8,0.1,996,265.4,0
997,661,0.4,669,997,278.8,0.1,997,265.4,0
998,661.4,0.5,669.5,998,278.9,0.1,998,265.4,0
999,661.9,0.5,670,999,279,0.1,999,265.4,0
1000,662.4,0.5,670.5,1000,279,0.1,1000,265.3,0
1001,663,0.6,671,1001,279.1,0.1,1001,265.3,0
1002,663.5,0.6,671.6,1002,279.2,0.1,1002,265.3,0
1003,664.1,0.6,672.2,1003,279.2,0.1,1003,265.3,0
1004,664.8,0.6,672.9,1004,279.3,0.1,1004,265.3,0
1005,665.4,0.7,673.5,1005,279.4,0.1,1005,265.3,0
1006,666.1,0.7,674.2,1006,279.5,0.1,1006,265.3,0
1007,666.9,0.8,675,1007,279.6,0.1,1007,265.3,0
1008,667.6,0.8,675.8,1008,279.7,0.1,1008,265.3,0
1009,668.4,0.8,676.6,1009,279.8,0.1,1009,265.3,0
1010,669.2,0.8,677.4,1010,279.9,0.1,1010,265.3,0
1011,670.1,0.8,678.2,1011,280,0.1,1011,265.3,0
1012,670.9,0.8,679.1,1012,280.1,0.1,1012,265.3,0
1013,671.7,0.8,679.9,1013,280.2,0.1,1013,265.3,0
1014,672.5,0.8,680.7,1014,280.3,0.1,1014,265.3,0
1015,673.3,0.8,681.6,1015,280.3,0.1,1015,265.3,0
1016,674.1,0.8,682.4,1016,280.4,0.1,1016,265.3,0
1017,674.9,0.8,683.1,1017,280.5,0.1,1017,265.3,0
1018,675.6,0.7,683.9,1018,280.6,0.1,1018,265.3,0
1019,676.3,0.7,684.6,1019,280.6,0.1,1019,265.3,0
1020,677,0.6,685.2,1020,280.7,0,1020,265.4,0
1021,677.6,0.6,685.9,1021,280.7,0,1021,265.4,0
1022,678.1,0.5,686.4,1022,280.7,0,1022,265.4,0
1023,678.6,0.5,686.9,1023,280.8,0,1023,265.4,0
1024,679,0.4,687.3,1024,280.8,0,1024,265.4,0
1025,679.4,0.3,687.7,1025,280.8,0,1025,265.4,0
1026,679.6,0.2,687.9,1026,280.7,0,1026,265.5,0
1027,679.8,0.1,688.1,1027,280.7,0,1027,265.5,0
1028,679.9,0.1,688.2,1028,280.7,0,1028,265.5,0
1029,679.9,0,688.2,1029,280.6,-0.1,1029,265.5,0
1030,679.9,-0.1,688.2,1030,280.6,-0.1,1030,265.6,0
1031,679.8,-0.1,688.1,1031,280.5,-0.1,1031,265.6,0
1032,679.6,-0.2,687.9,1032,280.5,0,1032,265.6,0
1033,679.4,-0.2,687.7,1033,280.4,0,1033,265.6,0
1034,679.1,-0.3,687.4,1034,280.4,0,1034,265.7,0
1035,678.8,-0.3,687.1,1035,280.4,0,1035,265.7,0
1036,678.5,-0.3,686.8,1036,280.3,0,1036,265.7,0
1037,678.2,-0.4,686.4,1037,280.4,0,1037,265.7,0
1038,677.8,-0.4,686.1,1038,280.4,0,1038,265.8,0
1039,677.4,-0.4,685.7,1039,280.4,0.1,1039,265.8,0
1040,677.1,-0.4,685.3,1040,280.5,0.1,1040,265.8,0
1041,676.7,-0.4,684.9,1041,280.6,0.1,1041,265.9,0
1042,676.3,-0.4,684.6,1042,280.7,0.1,1042,265.9,0
1043,675.9,-0.4,684.2,1043,280.8,0.1,1043,265.9,0
1044,675.6,-0.4,683.8,1044,280.9,0.1,1044,266,0
1045,675.2,-0.4,683.4,1045,281,0.1,1045,266,0
1046,674.8,-0.4,683.1,1046,281.2,0.1,1046,266.1,0
1047,674.5,-0.4,682.7,1047,281.3,0.1,1047,266.1,0
1048,674.1,-0.3,682.3,1048,281.5,0.1,1048,266.1,0
1049,673.8,-0.3,682,1049,281.6,0.1,1049,266.2,0
1050,673.5,-0.3,681.7,1050,281.8,0.1,1050,266.2,0
1051,673.2,-0.3,681.4,1051,281.9,0.1,1051,266.2,0
1052,672.9,-0.3,681.1,1052,282,0.1,1052,266.3,0
1053,672.6,-0.2,680.8,1053,282.2,0.1,1053,266.3,0
1054,672.4,-0.2,680.6,1054,282.3,0.1,1054,266.4,0
1055,672.2,-0.2,680.4,1055,282.4,0.1,1055,266.4,0
1056,672,-0.2,680.2,1056,282.6,0.1,1056,266.4,0
1057,671.9,-0.1,680.1,1057,282.7,0.1,1057,266.5,0
1058,671.8,-0.1,679.9,1058,282.8,0.1,1058,266.5,0
1059,671.7,-0.1,679.9,1059,282.9,0.1,1059,266.6,0
1060,671.6,0,679.8,1060,282.9,0.1,1060,266.6,0
1061,671.6,0,679.8,1061,283,0.1,1061,266.6,0
1062,671.6,0,679.8,1062,283,0,1062,266.7,0
1063,671.7,0.1,679.9,1063,283.1,0,1063,266.7,0
1064,671.8,0.1,680,1064,283.1,0,1064,266.8,0
1065,671.9,0.1,680.1,1065,283.1,0,1065,266.8,0
1066,672,0.1,680.2,1066,283.1,0,1066,266.9,0
1067,672.1,0.2,680.3,1067,283.1,0,1067,266.9,0
1068,672.3,0.2,680.5,1068,283.1,0,1068,266.9,0
1069,672.5,0.2,680.7,1069,283.1,0,1069,267,0
1070,672.7,0.2,680.9,1070,283.1,0,1070,267,0
1071,672.9,0.2,681.1,1071,283,0,1071,267.1,0
1072,673.1,0.2,681.3,1072,283,0,1072,267.1,0
1073,673.4,0.2,681.6,1073,283,0,1073,267.2,0
1074,673.6,0.2,681.8,1074,282.9,0,1074,267.2,0
1075,673.8,0.2,682.1,1075,282.9,0,1075,267.2,0
1076,674.1,0.2,682.3,1076,282.9,0,1076,267.3,0
1077,674.3,0.2,682.5,1077,282.8,0,1077,267.3,0
1078,674.6,0.2,682.8,1078,282.8,0,1078,267.4,0
1079,674.8,0.2,683,1079,282.7,0,1079,267.4,0
1080,675,0.2,683.2,1080,282.7,0,1080,267.4,0
1081,675.2,0.2,683.5,1081,282.6,0,1081,267.5,0
1082,675.4,0.2,683.7,1082,282.6,0,1082,267.5,0
1083,675.6,0.2,683.9,1083,282.5,0,1083,267.6,0
1084,675.8,0.2,684,1084,282.5,0,1084,267.6,0
1085,675.9,0.1,684.2,1085,282.5,0,1085,267.6,0
1086,676.1,0.1,684.3,1086,282.4,0,1086,267.7,0
1087,676.2,0.1,684.4,1087,282.4,0,1087,267.7,0
1088,676.3,0.1,684.5,1088,282.4,0,1088,267.8,0
1089,676.3,0,684.6,1089,282.4,0,1089,267.8,0
1090,676.4,0,684.6,1090,282.4,0,1090,267.8,0
1091,676.4,0,684.6,1091,282.4,0,1091,267.9,0
1092,676.4,0,684.6,1092,282.4,0,1092,267.9,0
1093,676.3,0,684.6,1093,282.4,0,1093,267.9,0
1094,676.3,0,684.5,1094,282.4,0,1094,268,0
1095,676.2,-0.1,684.5,1095,282.4,0,1095,268,0
1096,676.2,-0.1,684.4,1096,282.5,0,1096,268,0
1097,676.1,-0.1,684.4,1097,282.5,0,1097,268.1,0
1098,676.1,-0.1,684.3,1098,282.5,0,1098,268.1,0
1099,676,-0.1,684.2,1099,282.6,0,1099,268.1,0
1100,675.9,0,684.2,1100,282.6,0,1100,268.2,0
1101,675.9,0,684.1,1101,282.6,0,1101,268.2,0
1102,675.9,0,684.1,1102,282.7,0,1102,268.2,0
1103,675.9,0,684.1,1103,282.7,0,1103,268.2,0
1104,675.9,0,684.1,1104,282.7,0,1104,268.3,0
1105,675.9,0,684.1,1105,282.8,0,1105,268.3,0
1106,675.9,0.1,684.2,1106,282.8,0,1106,268.3,0
1107,676,0.1,684.3,1107,282.9,0,1107,268.3,0
1108,676.2,0.1,684.4,1108,282.9,0,1108,268.4,0
1109,676.3,0.2,684.5,1109,282.9,0,1109,268.4,0
1110,676.5,0.2,684.7,1110,283,0,1110,268.4,0
1111,676.7,0.2,684.9,1111,283,0,1111,268.4,0
1112,676.9,0.2,685.1,1112,283.1,0,1112,268.4,0
1113,677.1,0.3,685.4,1113,283.1,0,1113,268.5,0
1114,677.4,0.3,685.7,1114,283.1,0,1114,268.5,0
1115,677.7,0.3,685.9,1115,283.2,0,1115,268.5,0
1116,678,0.3,686.3,1116,283.2,0,1116,268.5,0
1117,678.3,0.3,686.6,1117,283.3,0,1117,268.5,0
1118,678.6,0.3,686.9,1118,283.3,0,1118,268.5,0
1119,679,0.4,687.3,1119,283.3,0,1119,268.5,0
1120,679.3,0.4,687.6,1120,283.4,0,1120,268.6,0
1121,679.7,0.4,688,1121,283.4,0,1121,268.6,0
1122,680.1,0.4,688.4,1122,283.4,0,1122,268.6,0
1123,680.5,0.4,688.8,1123,283.5,0,1123,268.6,0
1124,680.8,0.4,689.2,1124,283.5,0,1124,268.6,0
1125,681.2,0.4,689.5,1125,283.5,0,1125,268.6,0
1126,681.6,0.4,689.9,1126,283.6,0,1126,268.6,0
1127,682,0.4,690.3,1127,283.6,0,1127,268.6,0
1128,682.4,0.4,690.7,1128,283.6,0,1128,268.6,0
1129,682.8,0.4,691.1,1129,283.6,0,1129,268.6,0
1130,683.2,0.4,691.5,1130,283.7,0,1130,268.6,0
1131,683.6,0.4,691.9,1131,283.7,0,1131,268.6,0
1132,683.9,0.4,692.3,1132,283.7,0,1132,268.6,0
1133,684.3,0.4,692.6,1133,283.7,0,1133,268.6,0
1134,684.7,0.3,693,1134,283.7,0,1134,268.6,0
1135,685,0.3,693.4,1135,283.8,0,1135,268.6,0
1136,685.3,0.3,693.7,1136,283.8,0,1136,268.6,0
1137,685.6,0.3,694,1137,283.8,0,1137,268.6,0
1138,685.9,0.3,694.3,1138,283.8,0,1138,268.6,0
1139,686.2,0.3,694.6,1139,283.8,0,1139,268.6,0
1140,686.5,0.3,694.8,1140,283.8,0,1140,268.6,0
1141,686.7,0.2,695.1,1141,283.8,0,1141,268.6,0
1142,686.9,0.2,695.3,1142,283.9,0,1142,268.6,0
1143,687.1,0.2,695.5,1143,283.9,0,1143,268.6,0
1144,687.3,0.2,695.7,1144,283.9,0,1144,268.6,0
1145,687.5,0.2,695.9,1145,283.9,0,1145,268.6,0
1146,687.7,0.2,696.1,1146,283.9,0,1146,268.6,0
1147,687.8,0.1,696.2,1147,283.9,0,1147,268.6,0
1148,688,0.1,696.3,1148,283.9,0,1148,268.6,0
1149,688.1,0.1,696.5,1149,283.9,0,1149,268.6,0
1150,688.2,0.1,696.6,1150,283.9,0,1150,268.6,0
1151,688.3,0.1,696.7,1151,283.9,0,1151,268.6,0
1152,688.4,0.1,696.8,1152,283.9,0,1152,268.6,0
1153,688.4,0.1,696.8,1153,283.9,0,1153,268.6,0
1154,688.5,0.1,696.9,1154,283.9,0,1154,268.6,0
1155,688.5,0,696.9,1155,283.9,0,1155,268.5,0
1156,688.6,0,697,1156,283.9,0,1156,268.5,0
1157,688.6,0,697,1157,283.9,0,1157,268.5,0
1158,688.6,0,697,1158,283.9,0,1158,268.5,0
1159,688.6,0,697,1159,283.9,0,1159,268.5,0
1160,688.6,0,697,1160,283.9,0,1160,268.5,0
1161,688.6,0,697,1161,283.9,0,1161,268.5,0
1162,688.6,0,697,1162,283.9,0,1162,268.5,0
1163,688.6,0,697,1163,283.9,0,1163,268.4,0
1164,688.5,0,696.9,1164,283.9,0,1164,268.4,0
1165,688.5,0,696.9,1165,283.9,0,1165,268.4,0
1166,688.4,-0.1,696.8,1166,283.9,0,1166,268.4,0
1167,688.4,-0.1,696.8,1167,283.9,0,1167,268.4,0
1168,688.3,-0.1,696.7,1168,283.9,0,1168,268.4,0
1169,688.2,-0.1,696.6,1169,283.9,0,1169,268.4,0
1170,688.1,-0.1,696.5,1170,283.9,0,1170,268.3,0
1171,688,-0.1,696.4,1171,283.9,0,1171,268.3,0
1172,687.9,-0.1,696.3,1172,283.9,0,1172,268.3,0
1173,687.8,-0.1,696.2,1173,283.9,0,1173,268.3,0
1174,687.7,-0.1,696.1,1174,283.9,0,1174,268.3,0
1175,687.6,-0.1,696,1175,283.9,0,1175,268.3,0
1176,687.5,-0.1,695.8,1176,283.9,0,1176,268.3,0
1177,687.3,-0.1,695.7,1177,283.9,0,1177,268.2,0
1178,687.2,-0.2,695.5,1178,283.9,0,1178,268.2,0
1179,687,-0.2,695.4,1179,283.9,0,1179,268.2,0
1180,686.8,-0.2,695.2,1180,283.9,0,1180,268.2,0
1181,686.7,-0.2,695,1181,283.9,0,1181,268.2,0
1182,686.5,-0.2,694.8,1182,283.9,0,1182,268.2,0
1183,686.3,-0.2,694.6,1183,283.9,0,1183,268.1,0
1184,686.1,-0.2,694.4,1184,283.9,0,1184,268.1,0
1185,685.9,-0.2,694.2,1185,283.9,0,1185,268.1,0
1186,685.6,-0.2,694,1186,283.9,0,1186,268.1,0
1187,685.4,-0.2,693.8,1187,283.9,0,1187,268.1,0
1188,685.2,-0.2,693.5,1188,283.9,0,1188,268,0
1189,684.9,-0.2,693.3,1189,283.9,0,1189,268,0
1190,684.7,-0.3,693,1190,283.9,0,1190,268,0
1191,684.4,-0.3,692.8,1191,283.9,0,1191,268,0
1192,684.2,-0.3,692.5,1192,283.9,0,1192,268,0
1193,683.9,-0.3,692.2,1193,283.9,0,1193,268,0
1194,683.6,-0.3,691.9,1194,283.9,0,1194,267.9,0
1195,683.3,-0.3,691.7,1195,283.9,0,1195,267.9,0
1196,683,-0.3,691.3,1196,283.9,0,1196,267.9,0
1197,682.7,-0.3,691,1197,283.9,0,1197,267.9,0
1198,682.4,-0.3,690.7,1198,283.8,0,1198,267.9,0
1199,682,-0.4,690.3,1199,283.8,0,1199,267.8,0
1200,681.7,-0.4,690,1200,283.8,0,1200,267.8,0
1201,681.3,-0.4,689.6,1201,283.8,0,1201,267.8,0
1202,680.9,-0.4,689.2,1202,283.8,0,1202,267.8,0
1203,680.5,-0.4,688.8,1203,283.7,0,1203,267.8,0
1204,680,-0.4,688.3,1204,283.7,0,1204,267.8,0
1205,679.6,-0.5,687.9,1205,283.7,0,1205,267.7,0
1206,679.1,-0.5,687.4,1206,283.7,0,1206,267.7,0
1207,678.6,-0.5,686.9,1207,283.6,0,1207,267.7,0
1208,678.1,-0.6,686.3,1208,283.6,0,1208,267.7,0
1209,677.5,-0.6,685.8,1209,283.5,0,1209,267.7,0
1210,676.9,-0.6,685.2,1210,283.5,-0.1,1210,267.7,0
1211,676.3,-0.6,684.5,1211,283.4,-0.1,1211,267.6,0
1212,675.6,-0.6,683.9,1212,283.4,-0.1,1212,267.6,0
1213,675,-0.7,683.2,1213,283.3,-0.1,1213,267.6,0
1214,674.3,-0.7,682.5,1214,283.2,-0.1,1214,267.6,0
1215,673.6,-0.7,681.8,1215,283.2,-0.1,1215,267.6,0
1216,672.9,-0.7,681.1,1216,283.1,-0.1,1216,267.6,0
1217,672.2,-0.7,680.4,1217,283,-0.1,1217,267.5,0
1218,671.5,-0.7,679.7,1218,283,-0.1,1218,267.5,0
1219,670.8,-0.7,679,1219,282.9,-0.1,1219,267.5,0
1220,670.1,-0.7,678.2,1220,282.8,-0.1,1220,267.5,0
1221,669.3,-0.7,677.5,1221,282.7,-0.1,1221,267.5,0
1222,668.6,-0.7,676.8,1222,282.7,-0.1,1222,267.5,0
1223,667.9,-0.7,676.1,1223,282.6,-0.1,1223,267.5,0
1224,667.3,-0.7,675.4,1224,282.5,-0.1,1224,267.5,0
1225,666.6,-0.7,674.7,1225,282.5,-0.1,1225,267.4,0
1226,665.9,-0.6,674,1226,282.4,-0.1,1226,267.4,0
1227,665.3,-0.6,673.4,1227,282.3,-0.1,1227,267.4,0
1228,664.7,-0.6,672.8,1228,282.3,-0.1,1228,267.4,0
1229,664.1,-0.6,672.2,1229,282.2,-0.1,1229,267.4,0
1230,663.5,-0.5,671.6,1230,282.1,-0.1,1230,267.4,0
1231,663,-0.5,671.1,1231,282.1,-0.1,1231,267.4,0
1232,662.5,-0.5,670.6,1232,282,-0.1,1232,267.4,0
1233,662,-0.4,670.1,1233,282,-0.1,1233,267.4,0
1234,661.6,-0.4,669.7,1234,281.9,0,1234,267.4,0
1235,661.2,-0.4,669.3,1235,281.9,0,1235,267.4,0
1236,660.9,-0.3,668.9,1236,281.8,0,1236,267.4,0
1237,660.6,-0.3,668.7,1237,281.8,0,1237,267.4,0
1238,660.4,-0.2,668.4,1238,281.8,0,1238,267.4,0
1239,660.2,-0.2,668.2,1239,281.7,0,1239,267.4,0
1240,660,-0.1,668.1,1240,281.7,0,1240,267.4,0
1241,660,0,668,1241,281.7,0,1241,267.4,0
1242,660,0,668,1242,281.7,0,1242,267.4,0
1243,660,0.1,668.1,1243,281.7,0,1243,267.4,0
1244,660.1,0.2,668.2,1244,281.7,0,1244,267.4,0
1245,660.3,0.2,668.4,1245,281.7,0,1245,267.4,0
1246,660.6,0.3,668.6,1246,281.7,0,1246,267.4,0
1247,660.9,0.4,669,1247,281.7,0,1247,267.4,0
1248,661.3,0.5,669.4,1248,281.8,0,1248,267.4,0
1249,661.8,0.5,669.9,1249,281.8,0,1249,267.4,0
1250,662.4,0.6,670.5,1250,281.8,0,1250,267.5,0
1251,663,0.7,671.1,1251,281.9,0,1251,267.5,0
1252,663.7,0.7,671.8,1252,281.9,0,1252,267.5,0
1253,664.4,0.8,672.5,1253,282,0,1253,267.5,0
1254,665.2,0.8,673.3,1254,282,0,1254,267.5,0
1255,666,0.8,674.1,1255,282,0,1255,267.5,0
1256,666.9,0.9,675,1256,282.1,0,1256,267.6,0
1257,667.8,0.9,675.9,1257,282.1,0,1257,267.6,0
1258,668.7,0.9,676.9,1258,282.1,0,1258,267.6,0
1259,669.6,1,677.8,1259,282.1,0,1259,267.6,0
1260,670.6,1,678.8,1260,282,0,1260,267.7,0
1261,671.6,1,679.8,1261,282,0,1261,267.7,0
1262,672.6,1,680.8,1262,282,0,1262,267.7,0
1263,673.6,1,681.8,1263,281.9,0,1263,267.8,0
1264,674.6,1,682.8,1264,281.9,-0.1,1264,267.8,0
1265,675.6,1,683.8,1265,281.8,-0.1,1265,267.8,0
1266,676.5,1,684.8,1266,281.8,-0.1,1266,267.9,0
1267,677.5,1,685.8,1267,281.7,-0.1,1267,267.9,0
1268,678.5,1,686.8,1268,281.7,-0.1,1268,267.9,0
1269,679.5,1,687.8,1269,281.6,-0.1,1269,268,0
1270,680.4,0.9,688.7,1270,281.5,-0.1,1270,268,0
1271,681.3,0.9,689.7,1271,281.4,-0.1,1271,268,0
1272,682.2,0.9,690.6,1272,281.4,-0.1,1272,268.1,0
1273,683.1,0.9,691.5,1273,281.3,-0.1,1273,268.1,0
1274,684,0.8,692.3,1274,281.2,-0.1,1274,268.2,0
1275,684.8,0.8,693.1,1275,281.2,-0.1,1275,268.2,0
1276,685.6,0.8,693.9,1276,281.1,-0.1,1276,268.3,0
1277,686.3,0.7,694.7,1277,281,-0.1,1277,268.3,0
1278,687,0.7,695.4,1278,281,-0.1,1278,268.3,0
1279,687.6,0.6,696,1279,280.9,-0.1,1279,268.4,0
1280,688.2,0.6,696.6,1280,280.9,0,1280,268.4,0
1281,688.8,0.5,697.2,1281,280.8,0,1281,268.5,0
1282,689.3,0.5,697.7,1282,280.8,0,1282,268.5,0
1283,689.8,0.5,698.2,1283,280.8,0,1283,268.6,0
1284,690.2,0.4,698.7,1284,280.7,0,1284,268.6,0
1285,690.6,0.4,699.1,1285,280.7,0,1285,268.6,0
1286,691,0.3,699.4,1286,280.7,0,1286,268.7,0
1287,691.3,0.3,699.7,1287,280.7,0,1287,268.7,0
1288,691.6,0.2,700,1288,280.7,0,1288,268.8,0
1289,691.8,0.2,700.2,1289,280.7,0,1289,268.8,0
1290,692,0.2,700.4,1290,280.7,0,1290,268.9,0
1291,692.1,0.1,700.6,1291,280.7,0,1291,268.9,0
1292,692.2,0.1,700.7,1292,280.7,0,1292,269,0
1293,692.3,0,700.7,1293,280.7,0,1293,269,0
1294,692.3,0,700.8,1294,280.7,0,1294,269,0
1295,692.3,0,700.8,1295,280.7,0,1295,269.1,0
1296,692.3,-0.1,700.7,1296,280.8,0,1296,269.1,0
1297,692.2,-0.1,700.6,1297,280.8,0,1297,269.2,0
1298,692,-0.2,700.5,1298,280.9,0,1298,269.2,0
1299,691.8,-0.2,700.3,1299,280.9,0.1,1299,269.2,0
1300,691.6,-0.2,700.1,1300,281,0.1,1300,269.3,0
1301,691.4,-0.3,699.8,1301,281,0.1,1301,269.3,0
1302,691.1,-0.3,699.5,1302,281.1,0.1,1302,269.3,0
1303,690.7,-0.4,699.2,1303,281.2,0.1,1303,269.4,0
1304,690.4,-0.4,698.8,1304,281.3,0.1,1304,269.4,0
1305,690,-0.4,698.4,1305,281.4,0.1,1305,269.4,0
1306,689.5,-0.5,697.9,1306,281.5,0.1,1306,269.5,0
1307,689,-0.5,697.4,1307,281.6,0.1,1307,269.5,0
1308,688.5,-0.5,696.9,1308,281.7,0.1,1308,269.5,0
1309,687.9,-0.6,696.3,1309,281.8,0.1,1309,269.6,0
1310,687.3,-0.6,695.7,1310,281.9,0.1,1310,269.6,0
1311,686.7,-0.6,695.1,1311,282.1,0.1,1311,269.6,0
1312,686,-0.7,694.4,1312,282.2,0.1,1312,269.6,0
1313,685.3,-0.7,693.7,1313,282.3,0.1,1313,269.7,0
1314,684.6,-0.7,693,1314,282.4,0.1,1314,269.7,0
1315,683.9,-0.7,692.3,1315,282.6,0.1,1315,269.7,0
1316,683.2,-0.7,691.5,1316,282.7,0.1,1316,269.7,0
1317,682.5,-0.7,690.8,1317,282.8,0.1,1317,269.7,0
1318,681.7,-0.7,690,1318,282.9,0.1,1318,269.7,0
1319,681,-0.7,689.3,1319,283,0.1,1319,269.7,0
1320,680.2,-0.7,688.5,1320,283.1,0.1,1320,269.7,0
1321,679.5,-0.7,687.8,1321,283.2,0.1,1321,269.8,0
1322,678.7,-0.7,687,1322,283.3,0.1,1322,269.8,0
1323,678,-0.7,686.3,1323,283.4,0.1,1323,269.8,0
1324,677.3,-0.7,685.6,1324,283.4,0,1324,269.8,0
1325,676.6,-0.7,684.9,1325,283.4,0,1325,269.8,0
1326,676,-0.7,684.2,1326,283.5,0,1326,269.7,0
1327,675.3,-0.6,683.5,1327,283.5,0,1327,269.7,0
1328,674.7,-0.6,682.9,1328,283.5,0,1328,269.7,0
1329,674.1,-0.6,682.3,1329,283.4,0,1329,269.7,0
1330,673.6,-0.5,681.8,1330,283.4,-0.1,1330,269.7,0
1331,673,-0.5,681.3,1331,283.3,-0.1,1331,269.7,0
1332,672.6,-0.4,680.8,1332,283.2,-0.1,1332,269.7,0
1333,672.1,-0.4,680.3,1333,283.1,-0.1,1333,269.6,0
1334,671.8,-0.4,679.9,1334,283,-0.1,1334,269.6,0
1335,671.4,-0.3,679.6,1335,282.8,-0.2,1335,269.6,0
1336,671.1,-0.3,679.3,1336,282.7,-0.2,1336,269.6,0
1337,670.8,-0.3,679,1337,282.5,-0.2,1337,269.5,0
1338,670.5,-0.3,678.7,1338,282.3,-0.2,1338,269.5,0
1339,670.3,-0.2,678.4,1339,282.1,-0.2,1339,269.4,0
1340,670,-0.2,678.2,1340,281.9,-0.2,1340,269.4,0
1341,669.8,-0.2,678,1341,281.7,-0.2,1341,269.4,0
1342,669.6,-0.2,677.8,1342,281.5,-0.2,1342,269.3,0
1343,669.5,-0.2,677.6,1343,281.3,-0.2,1343,269.3,0
1344,669.3,-0.2,677.5,1344,281.1,-0.2,1344,269.2,0
1345,669.1,-0.2,677.3,1345,280.9,-0.2,1345,269.2,0
1346,669,-0.1,677.1,1346,280.8,-0.2,1346,269.1,-0.1
1347,668.8,-0.1,677,1347,280.6,-0.2,1347,269.1,-0.1
1348,668.7,-0.1,676.8,1348,280.4,-0.2,1348,269,-0.1
1349,668.5,-0.2,676.7,1349,280.2,-0.2,1349,269,-0.1
1350,668.4,-0.2,676.5,1350,280.1,-0.1,1350,268.9,-0.1
1351,668.2,-0.2,676.4,1351,279.9,-0.1,1351,268.9,-0.1
1352,668.1,-0.2,676.2,1352,279.8,-0.1,1352,268.8,-0.1
1353,667.9,-0.2,676,1353,279.7,-0.1,1353,268.7,-0.1
1354,667.8,-0.1,675.9,1354,279.6,-0.1,1354,268.7,-0.1
1355,667.6,-0.1,675.8,1355,279.5,-0.1,1355,268.6,-0.1
1356,667.6,-0.1,675.7,1356,279.4,-0.1,1356,268.6,-0.1
1357,667.5,0,675.7,1357,279.4,-0.1,1357,268.5,-0.1
1358,667.6,0.1,675.7,1358,279.3,-0.1,1358,268.4,-0.1
1359,667.7,0.1,675.8,1359,279.3,0,1359,268.4,-0.1
1360,667.8,0.2,676,1360,279.2,0,1360,268.3,-0.1
1361,668.1,0.3,676.2,1361,279.2,0,1361,268.3,-0.1
1362,668.4,0.3,676.5,1362,279.2,0,1362,268.2,-0.1
1363,668.7,0.4,676.9,1363,279.2,0,1363,268.1,-0.1
1364,669.1,0.4,677.3,1364,279.2,0,1364,268.1,-0.1
1365,669.6,0.5,677.7,1365,279.2,0,1365,268,-0.1
1366,670,0.5,678.2,1366,279.2,0,1366,267.9,-0.1
1367,670.5,0.5,678.7,1367,279.2,0,1367,267.9,-0.1
1368,671.1,0.5,679.3,1368,279.2,0,1368,267.8,-0.1
1369,671.6,0.6,679.8,1369,279.2,0,1369,267.7,-0.1
1370,672.2,0.6,680.4,1370,279.2,0,1370,267.7,-0.1
1371,672.8,0.6,681,1371,279.3,0,1371,267.6,-0.1
1372,673.3,0.6,681.6,1372,279.3,0,1372,267.5,-0.1
1373,673.9,0.6,682.1,1373,279.4,0,1373,267.5,-0.1
1374,674.5,0.6,682.7,1374,279.4,0,1374,267.4,-0.1
1375,675.1,0.5,683.3,1375,279.5,0,1375,267.4,-0.1
1376,675.6,0.5,683.8,1376,279.5,0.1,1376,267.3,-0.1
1377,676.1,0.5,684.4,1377,279.6,0.1,1377,267.2,-0.1
1378,676.6,0.5,684.8,1378,279.6,0.1,1378,267.2,-0.1
1379,677,0.4,685.3,1379,279.7,0.1,1379,267.1,-0.1
1380,677.5,0.4,685.7,1380,279.7,0.1,1380,267.1,-0.1
1381,677.8,0.3,686.1,1381,279.8,0.1,1381,267,-0.1
1382,678.1,0.3,686.4,1382,279.8,0.1,1382,266.9,-0.1
1383,678.4,0.2,686.7,1383,279.9,0.1,1383,266.9,-0.1
1384,678.6,0.2,686.8,1384,279.9,0.1,1384,266.8,-0.1
1385,678.7,0.1,687,1385,280,0,1385,266.8,-0.1
1386,678.7,0,687,1386,280,0,1386,266.7,0
1387,678.7,-0.1,687,1387,280.1,0,1387,266.7,0
1388,678.6,-0.2,686.9,1388,280.1,0,1388,266.6,0
1389,678.4,-0.3,686.7,1389,280.1,0,1389,266.6,0
1390,678.1,-0.4,686.4,1390,280.2,0,1390,266.6,0
1391,677.7,-0.5,685.9,1391,280.2,0,1391,266.5,0
1392,677.2,-0.6,685.4,1392,280.2,0,1392,266.5,0
1393,676.5,-0.7,684.8,1393,280.3,0,1393,266.4,0
1394,675.8,-0.7,684.1,1394,280.3,0,1394,266.4,0
1395,675.1,-0.8,683.3,1395,280.3,0,1395,266.4,0
1396,674.2,-0.9,682.5,1396,280.3,0,1396,266.3,0
1397,673.4,-0.9,681.6,1397,280.3,0,1397,266.3,0
1398,672.5,-0.9,680.7,1398,280.3,0,1398,266.3,0
1399,671.5,-0.9,679.7,1399,280.3,0,1399,266.3,0
1400,670.6,-0.9,678.8,1400,280.2,0,1400,266.2,0
1401,669.7,-0.9,677.9,1401,280.2,0,1401,266.2,0
1402,668.9,-0.8,677,1402,280.2,0,1402,266.2,0
1403,668,-0.8,676.2,1403,280.1,0,1403,266.2,0
1404,667.3,-0.7,675.4,1404,280.1,0,1404,266.2,0
1405,666.6,-0.6,674.7,1405,280,-0.1,1405,266.2,0
1406,666,-0.5,674.1,1406,280,-0.1,1406,266.2,0
1407,665.5,-0.4,673.6,1407,279.9,-0.1,1407,266.2,0
1408,665.1,-0.3,673.2,1408,279.8,-0.1,1408,266.2,0
1409,664.9,-0.2,673,1409,279.8,-0.1,1409,266.2,0
1410,664.8,0,672.9,1410,279.7,-0.1,1410,266.2,0
1411,664.9,0.2,673,1411,279.6,-0.1,1411,266.2,0
1412,665.2,0.4,673.3,1412,279.5,-0.1,1412,266.2,0
1413,665.6,0.6,673.7,1413,279.4,-0.1,1413,266.2,0
1414,666.3,0.7,674.4,1414,279.2,-0.1,1414,266.3,0
1415,667.1,0.9,675.2,1415,279.1,-0.1,1415,266.3,0
1416,668,1,676.2,1416,279,-0.1,1416,266.3,0
1417,669.1,1.1,677.2,1417,278.9,-0.1,1417,266.3,0
1418,670.3,1.2,678.4,1418,278.9,-0.1,1418,266.4,0
1419,671.5,1.3,679.7,1419,278.8,0,1419,266.4,0
1420,672.8,1.3,681,1420,278.8,0,1420,266.4,0
1421,674.2,1.4,682.4,1421,278.8,0,1421,266.5,0
1422,675.6,1.4,683.8,1422,278.8,0.1,1422,266.5,0
1423,677,1.4,685.2,1423,278.9,0.1,1423,266.5,0
1424,678.3,1.3,686.6,1424,279,0.1,1424,266.6,0
1425,679.7,1.3,687.9,1425,279.2,0.2,1425,266.6,0
1426,680.9,1.2,689.2,1426,279.4,0.2,1426,266.7,0
1427,682.1,1.1,690.4,1427,279.7,0.3,1427,266.7,0
1428,683.2,1,691.5,1428,280.1,0.4,1428,266.7,0
1429,684.1,0.9,692.5,1429,280.5,0.4,1429,266.8,0
1430,684.9,0.7,693.3,1430,280.9,0.5,1430,266.8,0
1431,685.6,0.6,694,1431,281.4,0.5,1431,266.8,0
1432,686.1,0.4,694.5,1432,281.8,0.4,1432,266.9,0
1433,686.4,0.3,694.8,1433,282.2,0.3,1433,266.9,0
1434,686.6,0.1,695,1434,282.5,0.3,1434,266.9,0
1435,686.7,0,695.1,1435,282.7,0.2,1435,267,0
1436,686.7,-0.1,695.1,1436,282.8,0.1,1436,267,0
1437,686.6,-0.2,695,1437,283,0.1,1437,267,0
1438,686.4,-0.2,694.7,1438,283,0,1438,267,0
1439,686.1,-0.3,694.5,1439,283,0,1439,267.1,0
1440,685.8,-0.4,694.1,1440,283,0,1440,267.1,0
1441,685.4,-0.4,693.8,1441,283,-0.1,1441,267.1,0
1442,685,-0.4,693.3,1442,282.9,-0.1,1442,267.1,0
1443,684.6,-0.4,692.9,1443,282.8,-0.1,1443,267.1,0
1444,684.1,-0.4,692.5,1444,282.6,-0.1,1444,267.1,0
1445,683.7,-0.4,692,1445,282.5,-0.2,1445,267.1,0
1446,683.3,-0.4,691.6,1446,282.3,-0.2,1446,267.1,0
1447,682.9,-0.4,691.3,1447,282.1,-0.2,1447,267,0
1448,682.6,-0.3,690.9,1448,281.9,-0.2,1448,267,0
1449,682.3,-0.2,690.7,1449,281.8,-0.2,1449,267,0
1450,682.1,-0.2,690.5,1450,281.6,-0.2,1450,267,0
1451,682,-0.1,690.3,1451,281.4,-0.2,1451,266.9,0
1452,682,0,690.3,1452,281.3,-0.2,1452,266.9,0
1453,681.9,0,690.3,1453,281.1,-0.2,1453,266.8,0
1454,681.9,0,690.3,1454,280.9,-0.2,1454,266.8,-0.1
1455,681.9,0,690.2,1455,280.8,-0.1,1455,266.7,-0.1
1456,681.9,-0.1,690.2,1456,280.7,-0.1,1456,266.7,-0.1
1457,681.8,-0.2,690.1,1457,280.5,-0.1,1457,266.6,-0.1
1458,681.6,-0.3,689.9,1458,280.4,-0.1,1458,266.6,-0.1
1459,681.2,-0.4,689.6,1459,280.3,-0.1,1459,266.5,-0.1
1460,680.8,-0.5,689.1,1460,280.2,-0.1,1460,266.4,-0.1
1461,680.2,-0.7,688.5,1461,280.1,-0.1,1461,266.4,-0.1
1462,679.5,-0.8,687.8,1462,280,-0.1,1462,266.3,-0.1
1463,678.6,-0.9,686.9,1463,279.9,-0.1,1463,266.3,-0.1
1464,677.7,-0.9,686,1464,279.8,-0.1,1464,266.2,-0.1
1465,676.8,-1,685.1,1465,279.8,-0.1,1465,266.2,-0.1
1466,675.8,-1,684.1,1466,279.7,0,1466,266.1,0
1467,674.9,-1,683.1,1467,279.7,0,1467,266.1,0
1468,673.9,-0.9,682.1,1468,279.6,0,1468,266,0
1469,673,-0.8,681.3,1469,279.6,0,1469,266,0
1470,672.3,-0.7,680.5,1470,279.6,0,1470,265.9,0
1471,671.6,-0.6,679.8,1471,279.6,0,1471,265.9,0
1472,671,-0.5,679.2,1472,279.6,0,1472,265.9,0
1473,670.6,-0.4,678.8,1473,279.7,0,1473,265.9,0
1474,670.3,-0.3,678.5,1474,279.7,0,1474,265.8,0
1475,670.1,-0.1,678.3,1475,279.7,0,1475,265.8,0
1476,670,0,678.2,1476,279.8,0.1,1476,265.8,0
1477,670,0.1,678.2,1477,279.9,0.1,1477,265.8,0
1478,670.1,0.2,678.3,1478,279.9,0.1,1478,265.8,0
1479,670.3,0.3,678.5,1479,280,0.1,1479,265.8,0
1480,670.7,0.4,678.8,1480,280.1,0.1,1480,265.8,0
1481,671.1,0.4,679.2,1481,280.2,0.1,1481,265.9,0
1482,671.5,0.5,679.7,1482,280.3,0.1,1482,265.9,0
1483,672.1,0.6,680.3,1483,280.4,0.1,1483,265.9,0
1484,672.7,0.7,680.9,1484,280.5,0.1,1484,266,0.1
1485,673.4,0.7,681.7,1485,280.6,0.1,1485,266,0.1
1486,674.2,0.8,682.4,1486,280.7,0.1,1486,266.1,0.1
1487,675.1,0.9,683.3,1487,280.8,0.1,1487,266.2,0.1
1488,676,0.9,684.2,1488,280.9,0.1,1488,266.3,0.1
1489,676.9,1,685.2,1489,281,0.1,1489,266.4,0.1
1490,678,1,686.2,1490,281.2,0.1,1490,266.5,0.1
1491,679,1.1,687.3,1491,281.3,0.1,1491,266.6,0.1
1492,680.1,1.1,688.4,1492,281.4,0.1,1492,266.7,0.1
1493,681.3,1.2,689.6,1493,281.5,0.1,1493,266.8,0.1
1494,682.5,1.2,690.8,1494,281.6,0.1,1494,267,0.2
1495,683.7,1.2,692,1495,281.7,0.1,1495,267.2,0.2
1496,684.9,1.3,693.3,1496,281.8,0.1,1496,267.3,0.2
1497,686.2,1.3,694.6,1497,282,0.1,1497,267.5,0.2
1498,687.5,1.3,695.9,1498,282.1,0.1,1498,267.7,0.2
1499,688.8,1.3,697.2,1499,282.2,0.1,1499,267.9,0.2
1500,690.1,1.3,698.6,1500,282.3,0.1,1500,268.2,0.2
1501,691.5,1.3,699.9,1501,282.3,0.1,1501,268.4,0.2
1502,692.8,1.3,701.3,1502,282.4,0.1,1502,268.6,0.3
1503,694.2,1.3,702.6,1503,282.5,0.1,1503,268.9,0.3
1504,695.5,1.3,704,1504,282.6,0.1,1504,269.2,0.3
1505,696.7,1.2,705.2,1505,282.6,0.1,1505,269.5,0.3
1506,697.9,1.1,706.4,1506,282.7,0.1,1506,269.8,0.3
1507,699,1,707.5,1507,282.8,0.1,1507,270.1,0.3
1508,699.9,0.8,708.4,1508,282.8,0,1508,270.4,0.3
1509,700.7,0.7,709.2,1509,282.9,0,1509,270.7,0.3
1510,701.3,0.6,709.8,1510,282.9,0,1510,270.9,0.3
1511,701.8,0.4,710.4,1511,282.9,0,1511,271.2,0.3
1512,702.2,0.3,710.7,1512,283,0,1512,271.5,0.3
1513,702.4,0.2,711,1513,283,0,1513,271.8,0.3
1514,702.6,0.1,711.2,1514,283,0,1514,272,0.2
1515,702.7,0,711.2,1515,283.1,0,1515,272.3,0.2
1516,702.7,0,711.2,1516,283.1,0,1516,272.5,0.2
1517,702.6,-0.1,711.2,1517,283.1,0,1517,272.7,0.2
1518,702.4,-0.2,711,1518,283.1,0,1518,272.9,0.2
1519,702.2,-0.2,710.8,1519,283.1,0,1519,273,0.1
1520,702,-0.3,710.6,1520,283.1,0,1520,273.2,0.1
1521,701.7,-0.3,710.3,1521,283.2,0,1521,273.3,0.1
1522,701.4,-0.3,710,1522,283.2,0,1522,273.3,0.1
1523,701.1,-0.3,709.7,1523,283.2,0,1523,273.4,0
1524,700.8,-0.3,709.4,1524,283.2,0,1524,273.4,0
1525,700.5,-0.3,709,1525,283.2,0,1525,273.3,-0.1
1526,700.2,-0.3,708.7,1526,283.2,0,1526,273.3,-0.1
1527,699.9,-0.3,708.5,1527,283.2,0,1527,273.1,-0.1
1528,699.7,-0.2,708.2,1528,283.2,0,1528,273,-0.2
1529,699.5,-0.2,708,1529,283.2,0,1529,272.8,-0.2
1530,699.3,-0.1,707.9,1530,283.2,0,1530,272.5,-0.3
1531,699.2,-0.1,707.8,1531,283.2,0,1531,272.2,-0.3
1532,699.2,0,707.7,1532,283.2,0,1532,271.8,-0.3
1533,699.2,0.1,707.8,1533,283.2,0,1533,271.5,-0.3
1534,699.3,0.1,707.8,1534,283.2,0,1534,271.1,-0.3
1535,699.4,0.1,707.9,1535,283.2,0,1535,270.8,-0.3
1536,699.5,0.1,708.1,1536,283.2,0,1536,270.6,-0.2
1537,699.6,0.1,708.2,1537,283.2,0,1537,270.3,-0.2
1538,699.8,0.1,708.3,1538,283.2,0,1538,270.2,-0.2
1539,699.9,0.1,708.5,1539,283.2,0,1539,270,-0.1
1540,700.1,0.2,708.6,1540,283.2,0,1540,269.9,-0.1
1541,700.3,0.2,708.8,1541,283.2,0,1541,269.9,0
1542,700.5,0.2,709,1542,283.2,0,1542,269.8,0
1543,700.8,0.3,709.3,1543,283.1,0,1543,269.8,0
1544,701.1,0.4,709.6,1544,283.1,0,1544,269.8,0
1545,701.5,0.4,710,1545,283.1,0,1545,269.9,0
1546,701.9,0.5,710.5,1546,283,-0.1,1546,269.9,0
1547,702.5,0.6,711,1547,283,-0.1,1547,269.9,0
1548,703.1,0.7,711.7,1548,282.9,-0.1,1548,270,0
1549,703.8,0.8,712.4,1549,282.8,-0.1,1549,270,0
1550,704.6,0.9,713.2,1550,282.7,-0.1,1550,270.1,0
1551,705.6,1,714.2,1551,282.6,-0.1,1551,270.1,0
1552,706.6,1.1,715.2,1552,282.5,-0.1,1552,270.1,0
1553,707.7,1.1,716.3,1553,282.4,-0.1,1553,270.2,0
1554,708.7,1.1,717.4,1554,282.3,-0.1,1554,270.2,0
1555,709.8,1,718.4,1555,282.2,-0.1,1555,270.2,0
1556,710.7,0.9,719.4,1556,282.1,-0.1,1556,270.2,0
1557,711.5,0.7,720.1,1557,282,-0.1,1557,270.2,0
1558,712,0.4,720.7,1558,281.9,-0.1,1558,270.1,0
1559,712.3,0.2,721,1559,281.8,-0.1,1559,270.1,0
1560,712.3,-0.2,721,1560,281.8,-0.1,1560,270.1,0
1561,711.9,-0.6,720.6,1561,281.7,0,1561,270.1,0
1562,711.2,-1,719.8,1562,281.7,0,1562,270.1,0
1563,710,-1.4,718.7,1563,281.6,0,1563,270,0
1564,708.5,-1.7,717.1,1564,281.6,0,1564,270,0
1565,706.7,-1.9,715.3,1565,281.6,0,1565,270,0
1566,704.6,-2.1,713.2,1566,281.6,0,1566,269.9,0
1567,702.4,-2.3,711,1567,281.7,0,1567,269.9,0
1568,700,-2.4,708.6,1568,281.7,0,1568,269.8,0
1569,697.6,-2.5,706.1,1569,281.7,0,1569,269.8,0
1570,695.1,-2.5,703.6,1570,281.8,0,1570,269.8,0
1571,692.7,-2.4,701.1,1571,281.8,0.1,1571,269.7,0
1572,690.3,-2.3,698.7,1572,281.9,0.1,1572,269.7,-0.1
1573,688.1,-2.1,696.5,1573,281.9,0.1,1573,269.6,-0.1
1574,686.1,-1.9,694.5,1574,282,0.1,1574,269.5,-0.1
1575,684.3,-1.7,692.6,1575,282.1,0.1,1575,269.5,-0.1
1576,682.7,-1.5,691,1576,282.1,0.1,1576,269.4,-0.1
1577,681.3,-1.3,689.6,1577,282.2,0,1577,269.4,-0.1
1578,680.1,-1.1,688.4,1578,282.2,0,1578,269.3,-0.1
1579,679,-1,687.3,1579,282.2,0,1579,269.3,-0.1
1580,678.1,-0.9,686.4,1580,282.2,0,1580,269.2,-0.1
1581,677.2,-0.8,685.5,1581,282.2,-0.1,1581,269.1,-0.1
1582,676.4,-0.8,684.7,1582,282.1,-0.1,1582,269,-0.1
1583,675.7,-0.7,683.9,1583,282,-0.1,1583,269,-0.1
1584,675,-0.7,683.2,1584,281.8,-0.2,1584,268.9,-0.1
1585,674.3,-0.7,682.5,1585,281.6,-0.2,1585,268.8,-0.1
1586,673.5,-0.8,681.7,1586,281.4,-0.3,1586,268.7,-0.1
1587,672.7,-0.8,680.9,1587,281,-0.4,1587,268.7,-0.1
1588,671.8,-0.9,680,1588,280.7,-0.4,1588,268.6,-0.1
1589,670.8,-1.1,679,1589,280.2,-0.5,1589,268.5,-0.1
1590,669.7,-1.2,677.9,1590,279.7,-0.5,1590,268.4,-0.1
1591,668.5,-1.2,676.7,1591,279.2,-0.5,1591,268.3,-0.1
1592,667.4,-1,675.6,1592,278.7,-0.5,1592,268.2,-0.1
1593,666.5,-0.8,674.6,1593,278.2,-0.5,1593,268.1,-0.1
1594,665.7,-0.7,673.9,1594,277.8,-0.4,1594,268,-0.1
1595,665.2,-0.5,673.3,1595,277.4,-0.4,1595,267.9,-0.1
1596,664.8,-0.3,672.9,1596,276.9,-0.4,1596,267.8,-0.1
1597,664.6,-0.1,672.7,1597,276.6,-0.4,1597,267.7,-0.1
1598,664.6,0.1,672.7,1598,276.2,-0.4,1598,267.6,-0.1
1599,664.7,0.3,672.8,1599,275.8,-0.4,1599,267.5,-0.1
1600,665.1,0.4,673.2,1600,275.4,-0.4,1600,267.4,-0.1
1601,665.6,0.6,673.7,1601,275,-0.4,1601,267.2,-0.1
1602,666.3,0.8,674.4,1602,274.7,-0.4,1602,267.1,-0.1
1603,667.1,1,675.3,1603,274.3,-0.4,1603,267,-0.1
1604,668.2,1.1,676.3,1604,273.9,-0.4,1604,266.9,-0.1
1605,669.4,1.3,677.6,1605,273.6,-0.4,1605,266.8,-0.1
1606,670.7,1.4,678.9,1606,273.2,-0.4,1606,266.7,-0.1
1607,672.2,1.4,680.4,1607,272.9,-0.3,1607,266.6,-0.1
1608,673.6,1.4,681.8,1608,272.5,-0.3,1608,266.5,-0.1
1609,675,1.3,683.2,1609,272.3,-0.3,1609,266.3,-0.1
1610,676.3,1.2,684.5,1610,272,-0.2,1610,266.2,-0.1
1611,677.4,1,685.7,1611,271.8,-0.2,1611,266.1,-0.1
1612,678.3,0.8,686.6,1612,271.7,-0.1,1612,266,-0.1
1613,679,0.6,687.3,1613,271.6,-0.1,1613,265.9,-0.1
1614,679.5,0.4,687.7,1614,271.6,0,1614,265.8,-0.1
1615,679.8,0.2,688.1,1615,271.6,0,1615,265.7,-0.1
1616,679.9,0.1,688.2,1616,271.7,0.1,1616,265.7,-0.1
1617,680,0,688.3,1617,271.8,0.1,1617,265.6,-0.1
1618,680,0,688.3,1618,271.9,0.1,1618,265.5,-0.1
1619,680,0,688.3,1619,272.1,0.2,1619,265.4,-0.1
1620,680,0,688.3,1620,272.3,0.2,1620,265.3,-0.1
1621,680,0,688.3,1621,272.5,0.2,1621,265.2,-0.1
1622,680,0.1,688.3,1622,272.7,0.2,1622,265.2,-0.1
1623,680.2,0.2,688.5,1623,272.9,0.2,1623,265.1,-0.1
1624,680.5,0.4,688.8,1624,273.2,0.3,1624,265,-0.1
1625,680.9,0.5,689.2,1625,273.4,0.3,1625,265,-0.1
1626,681.4,0.6,689.7,1626,273.7,0.3,1626,264.9,-0.1
1627,682.1,0.7,690.4,1627,274,0.3,1627,264.8,-0.1
1628,682.8,0.7,691.1,1628,274.2,0.3,1628,264.8,0
1629,683.5,0.7,691.8,1629,274.5,0.3,1629,264.7,0
1630,684.2,0.7,692.6,1630,274.7,0.2,1630,264.7,0
1631,684.9,0.7,693.3,1631,275,0.2,1631,264.7,0
1632,685.6,0.6,693.9,1632,275.2,0.2,1632,264.6,0
1633,686.2,0.5,694.5,1633,275.4,0.2,1633,264.6,0
1634,686.6,0.4,695,1634,275.6,0.2,1634,264.6,0
1635,687,0.3,695.4,1635,275.8,0.2,1635,264.5,0
1636,687.3,0.2,695.7,1636,276,0.2,1636,264.5,0
1637,687.4,0,695.8,1637,276.2,0.2,1637,264.5,0
1638,687.4,-0.1,695.7,1638,276.3,0.1,1638,264.5,0
1639,687.1,-0.3,695.5,1639,276.4,0.1,1639,264.5,0
1640,686.7,-0.5,695.1,1640,276.6,0.1,1640,264.5,0
1641,686.1,-0.7,694.5,1641,276.7,0.1,1641,264.5,0
1642,685.3,-0.9,693.6,1642,276.8,0.1,1642,264.5,0
1643,684.2,-1.1,692.6,1643,276.9,0.1,1643,264.6,0
1644,683.1,-1.2,691.4,1644,277,0.1,1644,264.6,0
1645,681.8,-1.3,690.1,1645,277,0.1,1645,264.6,0
1646,680.5,-1.3,688.8,1646,277.1,0,1646,264.7,0
1647,679.2,-1.3,687.5,1647,277.1,0,1647,264.7,0
1648,677.9,-1.2,686.2,1648,277.2,0,1648,264.8,0.1
1649,676.7,-1.1,685,1649,277.2,0,1649,264.8,0.1
1650,675.7,-0.9,684,1650,277.2,0,1650,264.9,0.1
1651,674.9,-0.7,683.1,1651,277.2,0,1651,265,0.1
1652,674.2,-0.6,682.4,1652,277.2,0,1652,265,0.1
1653,673.7,-0.4,682,1653,277.2,0,1653,265.1,0.1
1654,673.4,-0.2,681.7,1654,277.2,0,1654,265.2,0.1
1655,673.3,-0.1,681.5,1655,277.1,0,1655,265.3,0.1
1656,673.3,0.1,681.5,1656,277.1,0,1656,265.4,0.1
1657,673.5,0.2,681.7,1657,277,0,1657,265.5,0.1
1658,673.7,0.3,682,1658,277,-0.1,1658,265.6,0.1
1659,674.1,0.5,682.4,1659,276.9,-0.1,1659,265.8,0.1
1660,674.7,0.6,682.9,1660,276.9,-0.1,1660,265.9,0.1
1661,675.3,0.7,683.5,1661,276.8,-0.1,1661,266,0.1
1662,676,0.8,684.2,1662,276.8,-0.1,1662,266.2,0.2
1663,676.8,0.8,685,1663,276.7,-0.1,1663,266.4,0.2
1664,677.6,0.9,685.9,1664,276.6,-0.1,1664,266.5,0.2
1665,678.6,1,686.8,1665,276.6,-0.1,1665,266.7,0.2
1666,679.5,1,687.8,1666,276.5,-0.1,1666,266.9,0.2
1667,680.6,1,688.9,1667,276.4,-0.1,1667,267.1,0.2
1668,681.6,1.1,689.9,1668,276.4,-0.1,1668,267.3,0.2
1669,682.7,1.1,691,1669,276.3,-0.1,1669,267.5,0.2
1670,683.8,1.1,692.1,1670,276.2,-0.1,1670,267.7,0.2
1671,684.8,1.1,693.2,1671,276.2,-0.1,1671,267.9,0.2
1672,685.9,1,694.3,1672,276.1,-0.1,1672,268.1,0.2
1673,686.9,1,695.3,1673,276.1,0,1673,268.3,0.2
1674,687.9,0.9,696.2,1674,276,0,1674,268.5,0.2
1675,688.7,0.8,697.1,1675,276,0,1675,268.8,0.2
1676,689.5,0.8,698,1676,276,0,1676,269,0.2
1677,690.3,0.6,698.7,1677,275.9,0,1677,269.2,0.2
1678,690.8,0.5,699.3,1678,275.9,0,1678,269.4,0.2
1679,691.3,0.4,699.7,1679,275.9,0,1679,269.6,0.2
1680,691.6,0.2,700.1,1680,275.9,0,1680,269.8,0.2
1681,691.8,0.1,700.2,1681,275.9,0,1681,269.9,0.2
1682,691.8,-0.1,700.2,1682,275.9,0,1682,270.1,0.2
1683,691.5,-0.3,700,1683,276,0,1683,270.3,0.1
1684,691.1,-0.5,699.6,1684,276,0,1684,270.4,0.1
1685,690.5,-0.7,699,1685,276,0,1685,270.5,0.1
1686,689.8,-0.9,698.2,1686,276.1,0.1,1686,270.6,0.1
1687,688.8,-1,697.2,1687,276.1,0.1,1687,270.7,0.1
1688,687.7,-1.2,696.1,1688,276.2,0.1,1688,270.8,0.1
1689,686.4,-1.3,694.8,1689,276.3,0.1,1689,270.9,0.1
1690,685,-1.5,693.4,1690,276.3,0.1,1690,271,0.1
1691,683.5,-1.6,691.9,1691,276.4,0,1691,271.1,0.1
1692,681.9,-1.7,690.2,1692,276.4,0,1692,271.1,0
1693,680.2,-1.7,688.5,1693,276.4,0,1693,271.2,0
1694,678.5,-1.7,686.8,1694,276.5,0,1694,271.2,0
1695,676.8,-1.7,685.1,1695,276.5,0,1695,271.2,0
1696,675.2,-1.6,683.4,1696,276.5,0,1696,271.2,0
1697,673.6,-1.6,681.8,1697,276.6,0,1697,271.2,0
1698,672,-1.5,680.2,1698,276.6,0,1698,271.3,0
1699,670.6,-1.4,678.8,1699,276.6,0,1699,271.2,0
1700,669.2,-1.3,677.4,1700,276.6,0,1700,271.2,0
1701,667.9,-1.2,676.1,1701,276.6,0,1701,271.2,0
1702,666.7,-1.2,674.9,1702,276.6,0,1702,271.2,0
1703,665.6,-1.1,673.7,1703,276.6,0,1703,271.2,0
1704,664.6,-1,672.7,1704,276.6,0,1704,271.1,0
1705,663.7,-0.8,671.8,1705,276.6,0,1705,271.1,0
1706,662.9,-0.7,671,1706,276.6,0,1706,271,0
1707,662.3,-0.6,670.3,1707,276.6,0,1707,271,-0.1
1708,661.7,-0.5,669.8,1708,276.6,0,1708,270.9,-0.1
1709,661.3,-0.3,669.4,1709,276.6,0,1709,270.9,-0.1
1710,661,-0.2,669.1,1710,276.6,0,1710,270.8,-0.1
1711,660.9,-0.1,669,1711,276.6,0,1711,270.7,-0.1
1712,660.9,0.1,669,1712,276.6,0,1712,270.7,-0.1
1713,661.1,0.2,669.1,1713,276.6,0,1713,270.6,-0.1
1714,661.4,0.4,669.5,1714,276.7,0,1714,270.5,-0.1
1715,661.9,0.6,670,1715,276.7,0,1715,270.4,-0.1
1716,662.5,0.7,670.6,1716,276.7,0,1716,270.4,-0.1
1717,663.4,0.9,671.5,1717,276.8,0,1717,270.3,-0.1
1718,664.4,1.1,672.5,1718,276.8,0.1,1718,270.2,-0.1
1719,665.6,1.3,673.7,1719,276.9,0.1,1719,270.1,-0.1
1720,667,1.5,675.1,1720,277,0.1,1720,270,-0.1
1721,668.6,1.7,676.7,1721,277.1,0.1,1721,270,-0.1
1722,670.4,1.9,678.6,1722,277.2,0.1,1722,269.9,-0.1
1723,672.4,2.1,680.6,1723,277.3,0.1,1723,269.8,-0.1
1724,674.6,2.3,682.8,1724,277.4,0.1,1724,269.7,-0.1
1725,677,2.5,685.3,1725,277.5,0.1,1725,269.6,-0.1
1726,679.6,2.7,687.9,1726,277.6,0.1,1726,269.6,-0.1
1727,682.3,2.7,690.7,1727,277.7,0.1,1727,269.5,-0.1
1728,685.1,2.8,693.5,1728,277.8,0.1,1728,269.4,-0.1
1729,687.9,2.8,696.3,1729,277.9,0.1,1729,269.4,-0.1
1730,690.6,2.7,699.1,1730,278,0.1,1730,269.3,-0.1
1731,693.3,2.6,701.8,1731,278.1,0,1731,269.3,0
1732,695.8,2.5,704.3,1732,278.1,0,1732,269.2,0
1733,698.2,2.2,706.7,1733,278.1,0,1733,269.2,0
1734,700.3,2,708.9,1734,278,-0.1,1734,269.2,0
1735,702.2,1.7,710.7,1735,278,-0.1,1735,269.2,0
1736,703.7,1.4,712.3,1736,277.8,-0.1,1736,269.2,0
1737,704.9,1,713.5,1737,277.7,-0.1,1737,269.2,0
1738,705.7,0.7,714.3,1738,277.5,-0.2,1738,269.2,0
1739,706.3,0.4,714.9,1739,277.4,-0.2,1739,269.3,0.1
1740,706.5,0.1,715.1,1740,277.2,-0.2,1740,269.4,0.1
1741,706.4,-0.2,715,1741,277.1,-0.1,1741,269.4,0.1
1742,706,-0.5,714.6,1742,277,-0.1,1742,269.5,0.1
1743,705.3,-0.8,713.9,1743,276.9,-0.1,1743,269.7,0.1
1744,704.3,-1.1,712.9,1744,276.8,0,1744,269.8,0.2
1745,703.1,-1.3,711.6,1745,276.8,0,1745,270,0.2
1746,701.7,-1.4,710.2,1746,276.8,0,1746,270.2,0.2
1747,700.2,-1.4,708.8,1747,276.8,0,1747,270.4,0.2
1748,698.9,-1.3,707.4,1748,276.8,0,1748,270.6,0.3
1749,697.7,-1,706.2,1749,276.8,0,1749,270.9,0.3
1750,696.8,-0.7,705.3,1750,276.8,0,1750,271.2,0.3
1751,696.4,-0.3,704.9,1751,276.8,0,1751,271.5,0.3
1752,696.2,0,704.7,1752,276.8,0,1752,271.8,0.3
1753,696.3,0.1,704.8,1753,276.8,0,1753,272.2,0.3
1754,696.5,0.2,705,1754,276.7,0,1754,272.5,0.3
1755,696.8,0.4,705.3,1755,276.7,0,1755,272.8,0.3
1756,697.2,0.5,705.7,1756,276.6,0,1756,273.1,0.3
1757,697.7,0.6,706.2,1757,276.6,0,1757,273.4,0.3
1758,698.4,0.7,706.9,1758,276.6,0,1758,273.7,0.2
1759,699.1,0.8,707.6,1759,276.5,0,1759,273.9,0.2
1760,700,0.9,708.5,1760,276.5,0,1760,274.1,0.2
1761,701,1.1,709.5,1761,276.5,0,1761,274.2,0.1
1762,702.1,1.2,710.6,1762,276.5,0,1762,274.3,0
1763,703.3,1.3,711.9,1763,276.5,0,1763,274.3,0
1764,704.7,1.5,713.3,1764,276.6,0.1,1764,274.2,0
1765,706.3,1.6,714.9,1765,276.6,0.1,1765,274.2,-0.1
1766,707.8,1.6,716.5,1766,276.7,0.1,1766,274.1,-0.1
1767,709.5,1.6,718.1,1767,276.9,0.1,1767,274,-0.1
1768,711.1,1.6,719.7,1768,277,0.1,1768,273.9,-0.1
1769,712.6,1.5,721.3,1769,277.1,0.1,1769,273.8,-0.1
1770,714.1,1.4,722.8,1770,277.3,0.1,1770,273.7,-0.1
1771,715.4,1.2,724.1,1771,277.4,0.1,1771,273.6,-0.1
1772,716.6,1.1,725.3,1772,277.6,0.1,1772,273.5,-0.1
1773,717.5,0.8,726.3,1773,277.7,0.1,1773,273.3,-0.1
1774,718.2,0.5,726.9,1774,277.8,0.1,1774,273.2,-0.1
1775,718.6,0.2,727.3,1775,278,0.1,1775,273.1,-0.1
1776,718.7,0,727.4,1776,278.1,0.1,1776,272.9,-0.1
1777,718.6,-0.2,727.3,1777,278.1,0.1,1777,272.8,-0.1
1778,718.4,-0.2,727.2,1778,278.2,0,1778,272.7,-0.1
1779,718.2,-0.1,727,1779,278.2,0,1779,272.5,-0.1
1780,718.2,0,726.9,1780,278.2,0,1780,272.4,-0.1
1781,718.3,0.3,727.1,1781,278.1,0,1781,272.3,-0.1
1782,718.7,0.4,727.5,1782,278.2,0.1,1782,272.2,-0.1
1783,719.1,0.5,727.9,1783,278.3,0.1,1783,272.1,-0.1
1784,719.6,0.3,728.3,1784,278.4,0.2,1784,272,-0.1
1785,719.8,0.1,728.6,1785,278.6,0.2,1785,271.9,-0.1
1786,719.8,-0.1,728.6,1786,278.9,0.2,1786,271.8,-0.1
1787,719.6,-0.3,728.3,1787,279.1,0.3,1787,271.8,0
1788,719.2,-0.4,728,1788,279.4,0.3,1788,271.8,0
1789,718.8,-0.5,727.5,1789,279.7,0.3,1789,271.8,0
1790,718.3,-0.4,727.1,1790,280,0.3,1790,271.8,0
1791,717.9,-0.3,726.7,1791,280.3,0.3,1791,271.8,0
1792,717.7,-0.2,726.5,1792,280.6,0.3,1792,271.8,0.1
1793,717.6,0.1,726.4,1793,280.9,0.3,1793,271.9,0.1
1794,717.9,0.4,726.6,1794,281.2,0.3,1794,272,0.1
1795,718.4,0.7,727.2,1795,281.4,0.2,1795,272.1,0.1
1796,719.4,1.2,728.1,1796,281.7,0.2,1796,272.2,0.1
1797,720.7,1.6,729.5,1797,281.9,0.2,1797,272.4,0.1
1798,722.6,2,731.4,1798,282.1,0.2,1798,272.5,0.1
1799,724.6,2.1,733.4,1799,282.4,0.2,1799,272.5,0
1800,726.6,2,735.5,1800,282.6,0.2,1800,272.6,0
1801,728.5,1.7,737.3,1801,282.8,0.2,1801,272.5,-0.1
1802,730,1.4,738.9,1802,283,0.2,1802,272.5,-0.1
1803,731.3,1.2,740.2,1803,283.2,0.2,1803,272.4,-0.1
1804,732.3,0.9,741.3,1804,283.4,0.2,1804,272.2,-0.1
1805,733.2,0.8,742.1,1805,283.6,0.2,1805,272.1,-0.1
1806,733.8,0.6,742.8,1806,283.7,0.2,1806,271.9,-0.2
1807,734.4,0.4,743.3,1807,283.9,0.1,1807,271.8,-0.2
1808,734.8,0.3,743.7,1808,284,0.1,1808,271.6,-0.1
1809,735,0.3,744,1809,284.1,0.1,1809,271.5,-0.1
1810,735.3,0.2,744.2,1810,284.2,0.1,1810,271.4,-0.1
1811,735.4,0.2,744.4,1811,284.2,0,1811,271.3,-0.1
1812,735.6,0.2,744.6,1812,284.2,0,1812,271.3,0
1813,735.8,0.2,744.7,1813,284.2,0,1813,271.3,0
1814,735.9,0.2,744.9,1814,284.2,-0.1,1814,271.4,0.1
1815,736.2,0.3,745.2,1815,284.1,-0.1,1815,271.5,0.2
1816,736.6,0.4,745.5,1816,283.9,-0.1,1816,271.7,0.2
1817,737,0.5,746,1817,283.8,-0.2,1817,272,0.3
1818,737.6,0.7,746.6,1818,283.6,-0.2,1818,272.3,0.3
1819,738.4,0.9,747.5,1819,283.5,-0.2,1819,272.5,0.3
1820,739.5,1.2,748.5,1820,283.3,-0.1,1820,272.9,0.3
1821,740.8,1.4,749.8,1821,283.2,-0.1,1821,273.2,0.3
1822,742.3,1.7,751.4,1822,283.1,-0.1,1822,273.4,0.3
1823,744.1,1.8,753.2,1823,283,0,1823,273.7,0.2
1824,746,1.9,755.1,1824,283,0,1824,273.9,0.2
1825,747.9,1.9,757,1825,283.1,0.1,1825,274.1,0.1
1826,749.7,1.7,758.8,1826,283.2,0.2,1826,274.2,0.1
1827,751.4,1.5,760.5,1827,283.4,0.2,1827,274.2,0
1828,752.7,1.2,761.9,1828,283.6,0.2,1828,274.1,-0.1
1829,753.8,0.9,763,1829,283.7,0.1,1829,274,-0.2
1830,754.7,0.8,763.9,1830,283.9,0.1,1830,273.7,-0.3
1831,755.4,0.7,764.6,1831,284,0.1,1831,273.3,-0.5
1832,756,0.7,765.2,1832,284,0,1832,272.8,-0.6
1833,756.7,0.8,766,1833,284,0,1833,272.1,-0.8
1834,757.6,1,766.9,1834,284,-0.1,1834,271.2,-0.9
1835,758.8,1.3,768,1835,283.9,-0.1,1835,270.4,-0.8
1836,760.1,1.4,769.4,1836,283.9,0,1836,269.7,-0.6
1837,761.5,1.4,770.8,1837,283.9,0,1837,269.4,-0.2
1838,762.9,1.4,772.2,1838,283.9,0,1838,269.3,0
1839,764.4,1.5,773.7,1839,283.9,0.1,1839,269.4,0.2
1840,765.9,1.5,775.2,1840,284,0.2,1840,269.6,0.2
1841,767.5,1.7,776.8,1841,284.3,0.3,1841,269.8,0.2
1842,769.2,1.8,778.6,1842,284.6,0.4,1842,270,0.2
1843,771.1,1.9,780.5,1843,285.1,0.4,1843,270.2,0.1
1844,773,1.9,782.4,1844,285.5,0.4,1844,270.3,0.1
1845,774.9,1.8,784.3,1845,285.9,0.3,1845,270.3,0
1846,776.7,1.8,786.1,1846,286.2,0.3,1846,270.4,0
1847,778.4,1.8,787.9,1847,286.5,0.2,1847,270.4,0
1848,780.2,1.9,789.7,1848,286.6,0.2,1848,270.4,0
1849,782.2,1.9,791.7,1849,286.8,0.1,1849,270.4,0
1850,783.8,1.1,793.3,1850,286.8,0,1850,270.4,0
1851,784.3,0.1,793.9,1851,286.8,0,1851,270.4,0
1852,784,-0.6,793.6,1852,286.8,0,1852,270.4,0
1853,783.3,-0.8,792.8,1853,286.7,-0.1,1853,270.4,0.1
1854,782.6,-0.6,792.1,1854,286.5,-0.2,1854,270.5,0.1
1855,782.1,-0.3,791.6,1855,286.4,-0.2,1855,270.6,0.1
1856,781.9,0.1,791.5,1856,286.2,-0.1,1856,270.8,0.2
1857,782.3,0.6,791.8,1857,286.2,0,1857,271,0.2
1858,783.1,1.1,792.7,1858,286.2,0,1858,271.2,0.2
1859,784.5,1.5,794,1859,286.2,0,1859,271.5,0.2
1860,786.2,1.9,795.8,1860,286.1,0,1860,271.7,0.2
1861,788.2,2.2,797.8,1861,286.1,0,1861,271.9,0.2
1862,790.5,2.4,800.1,1862,286.1,0,1862,272,0.1
1863,792.9,2.5,802.6,1863,286.1,0,1863,272.1,0.1
1864,795.5,2.6,805.2,1864,286.1,0.1,1864,272.2,0.1
1865,798,2.3,807.7,1865,286.3,0.2,1865,272.3,0.1
1866,800.1,2,809.9,1866,286.5,0.3,1866,272.4,0.1
1867,802,1.8,811.8,1867,286.8,0.3,1867,272.5,0.1
1868,803.8,1.8,813.6,1868,287.1,0.4,1868,272.6,0.2
1869,805.7,1.9,815.5,1869,287.5,0.4,1869,272.8,0.2
1870,807.6,2.1,817.5,1870,287.9,0.4,1870,273,0.2
1871,809.8,2.3,819.7,1871,288.3,0.4,1871,273.3,0.3
1872,812.1,2.3,822,1872,288.8,0.4,1872,273.6,0.3
1873,814.4,2.3,824.4,1873,289.1,0.3,1873,274,0.3
1874,816.6,2.1,826.6,1874,289.4,0.2,1874,274.3,0.3
1875,818.6,1.9,828.6,1875,289.5,0.1,1875,274.7,0.3
1876,820.3,1.6,830.3,1876,289.5,0,1876,275,0.3
1877,821.9,1.5,831.9,1877,289.6,0,1877,275.3,0.3
1878,823.3,1.5,833.4,1878,289.6,0,1878,275.5,0.2
1879,824.9,1.6,834.9,1879,289.6,0.1,1879,275.7,0.2
1880,826.5,1.7,836.6,1880,289.8,0.1,1880,275.8,0.1
1881,828.3,1.8,838.4,1881,289.9,0.2,1881,276,0.2
1882,830.2,1.9,840.3,1882,290.1,0.2,1882,276.2,0.2
1883,832.1,1.9,842.2,1883,290.3,0.2,1883,276.4,0.3
1884,834,1.9,844.2,1884,290.6,0.3,1884,276.8,0.4
1885,835.8,1.7,846,1885,290.9,0.4,1885,277.2,0.4
1886,837.3,1.2,847.5,1886,291.3,0.4,1886,277.5,0.4
1887,838.4,1,848.6,1887,291.8,0.4,1887,277.9,0.3
1888,839.4,1,849.6,1888,292.2,0.4,1888,278.1,0.2
1889,840.5,1.2,850.8,1889,292.6,0.4,1889,278.2,0.1
1890,841.7,1.2,852,1890,293,0.5,1890,278.3,0
1891,843,1.3,853.3,1891,293.6,0.5,1891,278.3,0
1892,844.5,1.6,854.8,1892,294.1,0.5,1892,278.2,-0.1
1893,846.2,2,856.6,1893,294.6,0.5,1893,278.1,-0.1
1894,848.4,2.3,858.8,1894,295.1,0.5,1894,278,-0.2
1895,850.8,2.4,861.2,1895,295.5,0.4,1895,277.8,-0.2
1896,853.2,2.4,863.6,1896,295.9,0.2,1896,277.5,-0.2
1897,855.7,2.7,866.2,1897,296,0.1,1897,277.3,-0.2
1898,858.6,3,869.1,1898,296,0,1898,277.1,-0.1
1899,861.7,3.2,872.2,1899,296,0,1899,277.1,0
1900,865,3.4,875.6,1900,296.1,0.1,1900,277.2,0.2
1901,868.4,3.5,879,1901,296.2,0.1,1901,277.4,0.3
1902,872.1,3.9,882.8,1902,296.4,0.2,1902,277.8,0.5
1903,876.2,4.3,886.9,1903,296.7,0.3,1903,278.3,0.5
1904,880.6,4.7,891.4,1904,297,0.4,1904,278.8,0.5
1905,885.5,5.1,896.3,1905,297.4,0.4,1905,279.3,0.4
1906,890.8,5.4,901.6,1906,297.9,0.4,1906,279.6,0.3
1907,896.4,5.8,907.3,1907,298.3,0.4,1907,280,0.3
1908,902.3,5.8,913.3,1908,298.7,0.4,1908,280.2,0.3
1909,907.8,5.2,918.9,1909,299.1,0.3,1909,280.5,0.3
1910,912.5,3.9,923.6,1910,299.3,0.2,1910,280.8,0.3
1911,915.7,2.7,926.9,1911,299.5,0.2,1911,281.1,0.3
1912,918.1,2.1,929.3,1912,299.8,0.3,1912,281.4,0.4
1913,920.1,2.2,931.4,1913,300.2,0.4,1913,281.8,0.4
1914,922.6,2.8,933.9,1914,300.6,0.4,1914,282.2,0.4
1915,925.9,3.9,937.2,1915,301.1,0.5,1915,282.7,0.5
1916,930.4,5.1,941.8,1916,301.6,0.5,1916,283.2,0.6
1917,936.2,6.3,947.6,1917,302.1,0.5,1917,283.8,0.6
1918,942.9,7,954.4,1918,302.6,0.5,1918,284.4,0.6
1919,950.1,7.3,961.7,1919,303,0.4,1919,284.9,0.4
1920,957.3,7.1,969,1920,303.4,0.3,1920,285.2,0.2
1921,964.1,6.7,975.9,1921,303.7,0.2,1921,285.3,0
1922,970.6,6.2,982.4,1922,303.9,0.2,1922,285.2,-0.2
1923,976.6,5.8,988.5,1923,304.1,0.2,1923,285,-0.3
1924,982.2,5.4,994.2,1924,304.4,0.3,1924,284.6,-0.5
1925,987.4,4.9,999.4,1925,304.7,0.3,1925,284.2,-0.4
1926,992.1,4.7,1004.2,1926,305,0.4,1926,283.9,-0.1
1927,996.8,4.7,1009,1927,305.4,0.4,1927,283.9,0.1
1928,1001.5,4.8,1013.8,1928,305.8,0.4,1928,284.2,0.3
1929,1006.4,4.9,1018.6,1929,306.2,0.4,1929,284.6,0.4
1930,1011.2,4.7,1023.5,1930,306.6,0.4,1930,285,0.4
1931,1015.9,4.7,1028.2,1931,307,0.3,1931,285.4,0.4
1932,1020.6,4.8,1033,1932,307.3,0.3,1932,285.8,0.4
1933,1025.4,5,1038,1933,307.6,0.3,1933,286.1,0.4
1934,1030.7,5.5,1043.3,1934,308,0.4,1934,286.5,0.3
1935,1036.4,5.8,1049,1935,308.4,0.4,1935,286.8,0.2
1936,1042.2,5.8,1054.9,1936,308.7,0.4,1936,286.9,0
1937,1047.9,5.5,1060.7,1937,309.2,0.4,1937,286.8,0
1938,1053.2,5.2,1066.1,1938,309.6,0.5,1938,286.9,0.2
1939,1058.2,4.8,1071.1,1939,310.1,0.4,1939,287.3,0.4
1940,1062.8,4.3,1075.7,1940,310.5,0.4,1940,287.7,0.5
1941,1066.9,3.9,1079.9,1941,310.8,0.3,1941,288.1,0.3
1942,1070.5,3.3,1083.6,1942,311,0.1,1942,288.3,0
1943,1073.5,2.6,1086.6,1943,311,0,1943,288.2,-0.2
1944,1076,2.5,1089.1,1944,311,-0.1,1944,288,-0.2
1945,1078.6,3,1091.8,1945,310.9,-0.1,1945,287.9,-0.1
1946,1082,3.7,1095.2,1946,310.8,0,1946,287.8,0
1947,1086.2,4.6,1099.4,1947,310.8,0,1947,287.9,0.1
1948,1091.3,5.5,1104.6,1948,310.9,0.1,1948,287.9,0
1949,1097.2,6.3,1110.5,1949,311,0.2,1949,287.9,-0.1
1950,1103.8,7,1117.3,1950,311.2,0.2,1950,287.7,-0.1
1951,1111.2,7.9,1124.8,1951,311.5,0.3,1951,287.6,0
1952,1119.6,8.8,1133.2,1952,311.8,0.3,1952,287.7,0.2
1953,1128.8,9.7,1142.6,1953,312.2,0.5,1953,288,0.5
1954,1139,10.6,1152.9,1954,312.8,0.7,1954,288.7,0.8
1955,1150.1,11.6,1164.1,1955,313.5,0.7,1955,289.6,0.9
1956,1161.9,11.7,1176.1,1956,314.1,0.6,1956,290.6,0.9
1957,1173.2,10.7,1187.5,1957,314.7,0.5,1957,291.4,0.7
1958,1183.7,10.5,1198.2,1958,315.2,0.5,1958,291.9,0.4
1959,1194.4,10.9,1209,1959,315.7,0.5,1959,292.2,0.2
1960,1205.5,11.4,1220.3,1960,316.1,0.5,1960,292.3,0.1
1961,1217.1,11.8,1232,1961,316.7,0.5,1961,292.4,0.1
1962,1229.1,12.2,1244.1,1962,317.2,0.6,1962,292.5,0.1
1963,1241.4,12.3,1256.6,1963,317.8,0.6,1963,292.6,0.1
1964,1253.6,12,1268.9,1964,318.4,0.6,1964,292.7,0
1965,1265.5,12,1280.9,1965,319.1,0.7,1965,292.7,0
1966,1277.9,13,1293.5,1966,319.9,0.8,1966,292.8,0.2
1967,1291.7,14.6,1307.4,1967,320.8,1,1967,293.1,0.4
1968,1307.2,16.3,1323.1,1968,321.8,1,1968,293.6,0.6
1969,1323.9,17.1,1340.1,1969,322.8,1.1,1969,294.3,0.8
1970,1341.2,17.3,1357.6,1970,323.9,1.1,1970,295.2,1
1971,1358.4,17,1375,1971,325,1.1,1971,296.2,0.9
1972,1375.2,16.7,1392,1972,326.1,1.2,1972,297,0.8
1973,1391.6,16,1408.6,1973,327.3,1.2,1973,297.7,0.7
1974,1407.3,15.3,1424.4,1974,328.5,1.2,1974,298.4,0.7
1975,1422.4,14.9,1439.8,1975,329.6,1.2,1975,299.1,0.8
1976,1437.2,14.6,1454.7,1976,330.8,1.2,1976,299.9,0.8
1977,1451.7,14.4,1469.4,1977,332,1.2,1977,300.7,0.8
1978,1466,14.3,1483.8,1978,333.2,1.3,1978,301.5,0.7
1979,1480.3,14.6,1498.4,1979,334.5,1.3,1979,302.1,0.6
1980,1495.3,15.5,1513.6,1980,335.9,1.4,1980,302.6,0.4
1981,1511.4,16.5,1529.9,1981,337.3,1.4,1981,303,0.4
1982,1528.1,16.6,1546.7,1982,338.7,1.5,1982,303.4,0.3
1983,1544.6,16.3,1563.4,1983,340.2,1.5,1983,303.7,0.4
1984,1560.6,15.7,1579.6,1984,341.7,1.5,1984,304.1,0.4
1985,1575.9,14.9,1595.1,1985,343.2,1.5,1985,304.5,0.5
1986,1590.4,14.2,1609.8,1986,344.8,1.5,1986,305.1,0.6
1987,1604.1,13.2,1623.7,1987,346.3,1.5,1987,305.7,0.6
1988,1616.8,12.1,1636.5,1988,347.8,1.5,1988,306.3,0.7
1989,1628.4,11.2,1648.3,1989,349.3,1.5,1989,307,0.7
1990,1639.2,10.4,1659.2,1990,350.8,1.4,1990,307.7,0.7
1991,1649.2,9.8,1669.3,1991,352.2,1.4,1991,308.4,0.7
1992,1658.4,8.4,1678.7,1992,353.6,1.4,1992,309.1,0.7
1993,1665.9,6.6,1686.2,1993,355,1.4,1993,309.8,0.7
1994,1671.9,5.6,1692.3,1994,356.4,1.5,1994,310.5,0.7
1995,1677.2,5,1697.7,1995,358,1.6,1995,311.2,0.7
1996,1682,4.8,1702.6,1996,359.6,1.7,1996,312,0.8
1997,1687.1,5.5,1707.7,1997,361.3,1.8,1997,312.8,0.9
1998,1692.9,6,1713.6,1998,363.1,1.8,1998,313.7,0.9
1999,1698.7,5.4,1719.4,1999,365,1.9,1999,314.6,0.9
2000,1703.4,3.9,1724.2,2000,366.8,1.9,2000,315.4,0.8
2001,1706.5,2.4,1727.3,2001,368.7,1.9,2001,316.2,0.8
2002,1708.3,1.2,1729.1,2002,370.6,2,2002,317,0.8
2003,1709.1,0.6,1730,2003,372.6,2,2003,317.8,0.8
2004,1709.7,0.5,1730.5,2004,374.6,0,2004,318.6,0
